STT,Thuật ngữ Tiếng Anh,Dịch Tiếng Việt,Giải thích,Cột 1
1,360 assessment,Đánh giá 360 độ,"Một công cụ đánh giá thu thập phản hồi từ quản lý, đồng nghiệp, cấp dưới trực tiếp và khách hàng.",
2,9-box,Ma trận 9 ô,Một công cụ ma trận được sử dụng để đánh giá nguồn lực tài năng của tổ chức dựa trên các yếu tố hiệu suất và tiềm năng.,
3,Abilities,Năng lực / Khả năng,Các năng lực hoặc kỹ năng cá nhân mang lại cho một nhiệm vụ.,
4,Ability,Năng lực,"Kiến thức, kỹ năng và khả năng tiếp nhận học hỏi mà một cá nhân mang lại cho một nhiệm vụ hoặc công việc.",
5,Abundance,Sự phong phú / Dư dật,Trạng thái dồi dào về nguồn lực hoặc tinh thần giúp thúc đẩy sự xuất sắc.,
6,Abundance-based change,Thay đổi dựa trên sự phong phú,Các nhà lãnh đạo giả định rằng nhân viên sẽ thay đổi nếu họ có thể được truyền cảm hứng để hướng tới mức độ xuất sắc cao hơn trong công việc.,
7,Acceptance,Sự chấp nhận,Trạng thái đồng thuận hoặc tiếp nhận một điều kiện hoặc sự thay đổi nào đó.,
8,Accountability,Trách nhiệm giải trình,Nghĩa vụ báo cáo và chịu trách nhiệm về các hành động và kết quả đạt được.,
9,Acquisition,Sự thâu tóm / Thu hút,Quá trình tìm kiếm và thu nhận các ứng viên hoặc tài sản cho công ty.,
10,Adaptation,Sự thích nghi,Kỹ thuật làm việc cùng với hoặc xoay quanh các sự khác biệt.,
11,Adhocracy culture,Văn hóa linh hoạt,"Tạo ra một môi trường đổi mới, tầm nhìn về tương lai, chấp nhận quản lý sự thay đổi và chấp nhận rủi ro.",
12,Administrative orbiting,Trì hoãn hành chính,Một chiến lược không hiệu quả trong việc giải quyết xung đột.,
13,Affect,Thành phần tình cảm,Giải quyết các cảm nhận của một người đối với một người khác hoặc một đối tượng khác.,
14,Affective conflict,Xung đột cảm xúc,Được thấy trong các tình huống mà hai cá nhân đơn giản là không thể hòa hợp với nhau.,
15,Alienation,Sự tha hóa / Sự tách biệt,Trải nghiệm bị cô lập khỏi một nhóm hoặc một hoạt động mà lẽ ra một cá nhân phải thuộc về.,
16,Alliance,Liên minh,Sự kết hợp giữa các đơn vị để cùng thực hiện mục tiêu và tăng cường quyền lực.,
17,Ambiguity,Sự mơ hồ,"Tình trạng thiếu rõ ràng về thông tin, quy tắc hoặc vai trò trong tổ chức.",
18,Angel investors,Nhà đầu tư thiên thần,Các nhà đầu tư cá nhân cung cấp tài chính mạo hiểm từ nguồn vốn của chính họ.,
19,Anxiety,Sự lo âu,Cảm giác không có khả năng đối phó với những tổn hại được dự báo trước.,
20,Appreciative conversations,Các cuộc hội thoại trân trọng/tích cực,Các cuộc thảo luận tích cực giúp mọi người phát triển nền tảng chung khi làm việc cùng nhau để tạo ra tầm nhìn tương lai lý tưởng.,
21,Appreciative Inquiry model,Mô hình Truy vấn trân trọng/tích cực,"Một phương pháp tiếp cận thay đổi tổ chức tập trung vào những điểm mạnh, sự phong phú và những điều đang vận hành tốt.",
22,Assertiveness,Tính quyết đoán,Có thể dao động từ quyết đoán đến không quyết đoán trên một dải liên tục.,
23,Assessment,Đánh giá,"Quá trình thẩm định giá trị, năng lực hoặc hiệu suất của cá nhân/tổ chức.",
24,Assessment center,Trung tâm đánh giá,Bao gồm một loạt các đánh giá chuẩn hóa về hành vi dựa trên nhiều dữ liệu đầu vào.,
25,Attitude,Thái độ,Một xu hướng định sẵn để phản hồi theo cách thuận lợi hoặc không thuận lợi đối với các đối tượng.,
26,Attribution biases,Thiên kiến quy kết,Gồm lỗi quy kết cơ bản và thiên kiến vị kỷ; là những sai lệch khi cá nhân giải thích nguyên nhân của các sự kiện hoặc hành vi.,
27,Attribution theory,Lý thuyết quy kết,Liên quan đến quá trình mà một cá nhân giải thích các sự kiện là do môi trường ổn định gây ra.,
28,Authoritarianism,Chủ nghĩa độc đoán,Đề cập đến định hướng của một cá nhân đối với thẩm quyền (quyền lực).,
29,Authority,Thẩm quyền,Đại diện cho quyền hợp pháp được tìm kiếm sự tuân thủ từ người khác dựa trên vị trí chính thức.,
30,Autonomy,Quyền tự chủ,Mức độ độc lập và tự quyết dành cho cá nhân trong việc thực hiện công việc.,
31,Avoidance learning,Học tập né tránh,Việc tìm cách tránh một tình trạng không mong muốn bằng cách thực hiện một hành vi mong muốn.,
32,Bargaining,Mặc cả / Thương lượng,Hoạt động trao đổi giữa các bên để đạt được sự dàn xếp về lợi ích.,
33,Bases of power,Các cơ sở quyền lực,"Năm cơ sở: quyền lực tham chiếu, chuyên gia, hợp pháp, khen thưởng và cưỡng chế.",
34,Basic incongruity thesis,Luận điểm về sự không tương thích cơ bản,Sự mâu thuẫn giữa mong muốn của cá nhân và mục tiêu của tổ chức.,
35,BATNA,Phương án thay thế tốt nhất,Phương án thay thế tốt nhất cho một thỏa thuận thương lượng nếu thương lượng thất bại.,
36,Behavior modification,Điều chỉnh hành vi,Sử dụng các nguyên tắc điều kiện hóa vận hành để định hình hành vi con người.,
37,Behavioral conflict,Xung đột hành vi,Tồn tại khi một người hoặc một nhóm làm điều gì đó không thể chấp nhận được đối với người khác.,
38,Behavioral criteria,Tiêu chí hành vi,Xác định những gì cấu thành nên hành vi có thể chấp nhận được dưới dạng các tiêu chuẩn khách quan.,
39,Behavioral dilemmas,Các tình huống hành vi khó xử,Quá trình khiến con người thay thế hành vi xác suất thấp cho các hành vi xác suất cao.,
40,Behavioral justification,Sự biện hộ cho hành vi,Nhu cầu đảm bảo rằng các hành vi của một người nhất quán với thái độ của họ.,
41,Behavioral observation scale,Thang quan sát hành vi,Xác định các hành vi có thể quan sát được liên quan đến hiệu suất.,
42,Behavioral self-management,Tự quản trị hành vi,Việc sử dụng các nguyên tắc điều kiện hóa vận hành để tự định hình hành vi của chính mình.,
43,Behaviorally anchored rating scale,Thang đánh giá dựa trên hành vi,Một hệ thống xếp hạng hiệu suất dựa trên các mô tả hành vi cụ thể.,
44,Beliefs,Niềm tin,Những xác tín nội tâm định hướng hành vi và thái độ cá nhân.,
45,Bias,Thiên kiến,"Xu hướng suy nghĩ hoặc đánh giá thiếu tính khách quan, gây lệch lạc trong nhận thức.",
46,Body language,Ngôn ngữ cơ thể,Các biểu hiện cảm xúc vô thức thông qua hành động thể chất.,
47,Boundaries,Ranh giới,Các đường phân định giới hạn tách biệt nhóm với các bên liên quan bên ngoài.,
48,Boundary conditions,Các điều kiện ranh giới,Xác định mức độ tự quyết có sẵn cho nhân viên đối với các hành động tự định hướng.,
49,Bounded rationality,Tính hợp lý có giới hạn,Khái niệm cho rằng con người không thể duy lý hoàn toàn do giới hạn thông tin và nhận thức.,
50,Brainstorming,Động não,Quá trình tạo ra càng nhiều ý tưởng hoặc phương án thay thế càng tốt theo nhóm.,
51,Bureaucratic gamesmanship,Trò chơi quyền lực quan liêu,"Tình huống mà các chính sách của tổ chức cung cấp ""đạn dược"" cho các trò chơi quyền lực.",
52,Bureaucratic model,Mô hình quan liêu,Mô hình của Max Weber nhấn mạnh hiệu quả qua phân công lao động và cấu trúc thứ bậc.,
53,Burnout,Sự kiệt sức,Cảm giác kiệt quệ khi trải qua quá nhiều áp lực và quá ít nguồn thỏa mãn.,
54,Business model,Mô hình kinh doanh,"Lý giải về cách thức một tổ chức tạo ra, chuyển giao và nắm giữ giá trị.",
55,Business model canvas,Ma trận mô hình kinh doanh,Một công cụ mô tả và đánh giá mô hình kinh doanh qua chín thành phần cốt lõi.,
56,Capital,Vốn,"Các nguồn lực tài chính, con người, tri thức dùng để tạo ra giá trị.",
57,Central tendency error,Lỗi xu hướng trung tâm,"Đánh giá mọi người ở mức trung bình, không phân loại được người giỏi hay kém.",
58,Centralization,Sự tập trung hóa,Sự tập trung quyền kiểm soát tổ chức dưới một thẩm quyền duy nhất.,
59,Change agents,Tác nhân thay đổi,Những người thúc đẩy và chịu trách nhiệm thực thi sự thay đổi trong tổ chức.,
60,Change management,Quản trị sự thay đổi,Quá trình thiết kế và triển khai sự thay đổi trong tổ chức.,
61,Character assassination,Công kích cá nhân,Kỹ thuật không hiệu quả bằng cách hạ thấp uy tín đối phương để giải quyết mâu thuẫn.,
62,Charisma,Sức lôi cuốn,Sức hút cá nhân đặc biệt khơi dậy lòng trung thành trong mối quan hệ lãnh đạo.,
63,Charismatic leader,Nhà lãnh đạo lôi cuốn,Người sở hữu quyền lực hợp pháp nảy sinh từ tính cách gương mẫu xuất chúng.,
64,Clan culture,Văn hóa gia đình,"Tập trung vào mối quan hệ, xây dựng đội ngũ và phát triển con người.",
65,Classical conditioning,Điều kiện hóa cổ điển,Quá trình liên kết kích thích có điều kiện với kích thích không điều kiện.,
66,Coalition,Liên minh,Sự phối hợp giữa các đơn vị để tăng cường quyền lực và đạt mục tiêu chung.,
67,Coercive power,Quyền lực cưỡng chế,Việc ép buộc tuân thủ thông qua hình phạt hoặc đe dọa.,
68,Cognitive complexity,Độ phức tạp về nhận thức,Khả năng tiếp nhận thông tin và nhìn nhận từ nhiều khuôn khổ văn hóa khác nhau.,
69,Cognitive conflict,Xung đột nhận thức,Nảy sinh khi các bên nắm giữ ý kiến không nhất quán về nhiệm vụ hoặc ý tưởng.,
70,Cognitive consistency,Sự nhất quán về nhận thức,Nhu cầu đảm bảo hành vi cá nhân nhất quán với thái độ.,
71,Cognitive dissonance,Bất hòa nhận thức,Trạng thái căng thẳng khi hành động không nhất quán với thái độ.,
72,Collaboration,Sự cộng tác,Hành động làm việc chung để tạo ra một giá trị hoặc sản phẩm.,
73,Command group,Nhóm chỉ huy,Nhóm lâu dài được quy định bởi cấu trúc tổ chức chính thức.,
74,Command-and-control,Chỉ huy và kiểm soát,Cách thức báo cáo và kết nối để phối hợp các nỗ lực hoàn thành công việc.,
75,Commitment,Sự cam kết,Mức độ gắn bó và quyết tâm thực hiện mục tiêu của cá nhân.,
76,Communication,Giao tiếp,Quá trình truyền đạt và chia sẻ thông tin giữa các thực thể.,
77,Communicator,Người truyền tin,Cá nhân hoặc tổ chức cần chia sẻ thông tin với đối tượng khác.,
78,Competencies,Năng lực cốt lõi,Tập hợp hành vi định nghĩa các tiêu chuẩn cho sự thành công của tổ chức.,
79,Competing Values Framework,Khung giá trị cạnh tranh,Mô hình dùng để chẩn đoán hiệu quả văn hóa của một tổ chức.,
80,Competition,Cạnh tranh,Nỗ lực vượt qua đối thủ để giành nguồn lực hoặc vị thế.,
81,Complex Adaptive Systems,Các hệ thống thích nghi phức tạp,Nhìn nhận tổ chức như thực thể luôn thích nghi với môi trường như sinh vật sống.,
82,Complex-Stable environments,Môi trường Phức tạp - Ổn định,Môi trường nhiều yếu tố nhưng thay đổi chậm.,
83,Complex-Unstable environments,Môi trường Phức tạp - Không ổn định,"Môi trường nhiều yếu tố và thay đổi nhanh, khó dự báo.",
84,Conditioned response,Phản hồi có điều kiện,Phản ứng có được thông qua học tập điều kiện hóa.,
85,Confirmation bias,Thiên kiến xác nhận,Xu hướng chỉ chú ý đến thông tin xác nhận niềm tin hiện có và phớt lờ thông tin mâu thuẫn.,
86,Conflict,Xung đột,"Bao gồm xung đột mục tiêu, nhận thức, cảm xúc và hành vi.",
87,Consequences,Hệ quả,Các kết quả nảy sinh sau một hành vi cụ thể.,
88,Consideration,Sự quan tâm,"Hành vi lãnh đạo hỗ trợ, thân thiện và tập trung vào nhu cầu nhân viên.",
89,Constructive confrontation,Đối đầu mang tính xây dựng,Xung đột được quản lý tốt dẫn đến kết quả tích cực cho tổ chức.,
90,Content motivation theories,Lý thuyết nội dung về động lực,"Tập trung vào việc ""cái gì"" thúc đẩy con người hành động.",
91,Contingency theory of leadership,Lý thuyết lãnh đạo theo tình huống,Hiệu quả lãnh đạo tùy thuộc vào mức độ phù hợp giữa phong cách và tình huống.,
92,Continuous reinforcement,Củng cố liên tục,Thưởng cho hành vi mong muốn mỗi khi nó xảy ra.,
93,Conventional mindset,Tư duy truyền thống,Giả định nhân viên thường kháng cự thay đổi và cần được thúc đẩy từ bên ngoài.,
94,Cooperativeness,Tính hợp tác,Mức độ quan tâm đến việc thỏa mãn mối quan tâm của đối phương.,
95,Corporate culture,Văn hóa doanh nghiệp,Hệ thống niềm tin và cách làm việc tạo ra bản sắc riêng của tổ chức.,
96,Corporate entrepreneurship,Khởi nghiệp trong lòng doanh nghiệp,Tạo ra dự án kinh doanh mới bên trong các tổ chức lớn.,
97,Counterpower,Quyền lực đối trọng,Khả năng của bên yếu hơn trong việc giảm bớt ảnh hưởng của bên mạnh hơn.,
98,Creativity,Sự sáng tạo,"Việc tạo ra các ý tưởng mới, độc đáo và có giá trị thực tiễn.",
99,Critical incident technique,Kỹ thuật các tình huống quan trọng,Ghi lại các ví dụ về thành công hoặc thất bại bất thường để đánh giá.,
100,Critical thinking,Tư duy phản biện,Quá trình kỷ luật nhằm đánh giá chất lượng thông tin và tính logic.,
101,Crowdfunding,Huy động vốn cộng đồng,Gây quỹ cho dự án mới từ một đám đông lớn qua Internet.,
102,Cultural intelligence,Trí tuệ văn hóa,Kỹ năng hoạt động hiệu quả trong các môi trường đa văn hóa.,
103,Culture,Văn hóa,Lập trình tập thể của tâm trí phân biệt các nhóm người với nhau.,
104,Culture change,Thay đổi văn hóa,Tái định hình bản sắc cốt lõi và các giá trị của tổ chức.,
105,Debt capital,Vốn vay,Nguồn vốn phải được hoàn trả theo thỏa thuận trong tương lai.,
106,Decentralization,Phi tập trung,Đẩy quyền ra quyết định xuống các cấp thấp hơn trong tổ chức.,phi tập trung
107,Decision-making,Ra quyết định,Hành động suy nghĩ và chọn lựa giữa các phương án khả thi.,
108,Decoding,Giải mã,Diễn giải và mang lại ý nghĩa cho thông điệp nhận được.,
109,Decoupling,Sự tách rời,Giảm thiểu tương tác giữa hai nhóm để hạn chế xung đột trong công việc.,
110,Deficit-based change,Thay đổi dựa trên thiếu hụt,Thay đổi bằng cách tập trung vào việc sửa chữa lỗi lầm và khắc phục vấn đề.,
111,Delegation,Sự ủy quyền,Giao phó nhiệm vụ và quyền hạn cho cấp dưới thực hiện.,
112,Dependability,Sự tin cậy,Đặc điểm của cá nhân có trách nhiệm và nhất quán trong công việc.,
113,Design,Thiết kế,Quá trình lên kế hoạch và tạo cấu trúc cho hệ thống.,
114,Design thinking,Tư duy thiết kế,Quy trình tìm giải pháp sáng tạo cho các vấn đề phức tạp.,
115,Designated leader,Nhà lãnh đạo được chỉ định,Người được tổ chức bổ nhiệm chính thức vào vị trí lãnh đạo.,
116,Determinism,Quyết định luận,Quan điểm mọi sự kiện đều có nguyên nhân từ trước.,
117,Devil’s advocate,Phản biện đối lập,Thành viên nhóm đóng vai trò chỉ trích để kiểm tra tính đúng đắn của ý tưởng.,
118,Differentiation,Sự phân hóa,Tổ chức nhân viên thành các nhóm chuyên môn hóa chức năng.,
119,Direction,Hướng đích,Mục tiêu cụ thể mà cá nhân có động lực hướng tới.,
120,Dispositional approach,Tiếp cận theo khuynh hướng,Lập luận thái độ là những đặc điểm tương đối ổn định của cá nhân.,
121,Dissonance,Sự bất hòa,Trạng thái không nhất quán gây khó chịu tâm lý.,
122,Distributive bargaining,Thương lượng phân phối,Thương lượng trên nguồn lực hữu hạn nơi lợi ích bên này là thiệt hại bên kia.,
123,Distributive justice,Công bằng phân phối,Sự công bằng trong việc chia sẻ phần thưởng dựa trên đóng góp.,
124,Disturbances,Sự xáo trộn,Các yếu tố gây áp lực có thể thúc đẩy sự thay đổi tổ chức.,
125,Diversity,Sự đa dạng,"Sự khác biệt về đặc điểm, quan điểm và văn hóa giữa các cá nhân.",
126,Divisional structure,Cấu trúc bộ phận,Nhóm các phòng ban chức năng dưới quyền một trưởng bộ phận.,
127,Dogmatism,Sự giáo điều,Phong cách nhận thức hẹp hòi và thiếu linh hoạt.,
128,Domain,Lĩnh vực hoạt động,Phạm vi mục tiêu và thị trường mà tổ chức tập trung vào.,
129,Drive,Động lực thúc đẩy,Trạng thái nhu cầu được cảm nhận rõ rệt dẫn đến hành động.,
130,Due process nonaction,Không hành động đúng quy trình,Trì hoãn giải quyết khiếu nại để làm nản lòng người bất mãn.,
131,Effectiveness,Tính hiệu quả,Mức độ đạt được các mục tiêu đã đề ra.,
132,Efficiency,Tính năng suất,Sử dụng tối ưu nguồn lực để tạo ra đầu ra tối đa.,
133,Effort-performance expectancy,Kỳ vọng nỗ lực - kết quả,Niềm tin rằng nỗ lực sẽ dẫn đến thành công trong công việc.,
134,Emergent leader,Nhà lãnh đạo mới nổi,Người trở thành lãnh đạo nhờ sự thừa nhận tự nhiên của nhóm.,
135,Emergent approach,Tiếp cận trỗi dậy,Nhìn nhận sự thay đổi là kết quả của các tương tác hàng ngày của nhân viên.,
136,Emotional intelligence,Trí tuệ cảm xúc,Khả năng thấu hiểu và quản lý cảm xúc bản thân và người khác.,
137,Employee life cycle,Vòng đời nhân viên,Các giai đoạn từ khi thu hút đến khi nhân viên rời khỏi tổ chức.,
138,Employer-employee relationship,Quan hệ lao động,Liên kết pháp lý và xã hội giữa người làm thuê và người chủ.,
139,Empowerment,Sự trao quyền,Trao thêm quyền tự chủ và trách nhiệm cho nhân viên.,
140,Encoding,Mã hóa,Chuyển ý tưởng thành thông điệp bằng ký hiệu hoặc ngôn ngữ.,
141,Entrepreneurs,Nhà khởi nghiệp,Cá nhân biến cơ hội thành dự án kinh doanh có giá trị.,
142,Entrepreneurship,Tinh thần khởi nghiệp,Quá trình thiết kế và vận hành doanh nghiệp mới.,
143,Environment,Môi trường,Các yếu tố bên ngoài và bên trong tác động đến tổ chức.,
144,Equity capital,Vốn chủ sở hữu,"Khoản đầu tư của chủ sở hữu, không bắt buộc ngày hoàn trả.",
145,Equity theory,Lý thuyết công bằng,Động lực dựa trên sự so sánh tỷ lệ đóng góp/kết quả với người khác.,
146,ERG theory,Lý thuyết ERG,"Phân loại nhu cầu thành: Tồn tại (E), Quan hệ (R) và Phát triển (G).",
147,Escalation of commitment,Leo thang cam kết,Tiếp tục đổ nguồn lực vào một quyết định sai lầm.,
148,Established business owners,Chủ doanh nghiệp đã ổn định,Cá nhân vận hành doanh nghiệp trên 3.5 năm.,
149,Ethics,Đạo đức,Các nguyên tắc định hướng hành vi đúng đắn trong tổ chức.,
150,Eustress,Stress tích cực,Áp lực lành mạnh giúp tăng hiệu suất và sự hứng khởi.,
151,Evaluation,Đánh giá,Sự thẩm định định kỳ về kết quả hoặc chất lượng.,
152,Evidence-based decision-making,Ra quyết định dựa trên bằng chứng,Sử dụng dữ liệu tin cậy nhất để đưa ra lựa chọn quản trị.,
153,Executive managers,Quản trị viên điều hành,Lãnh đạo cấp cao nhất chịu trách nhiệm về chiến lược.,
154,Exit,Rời khỏi,Hình thức chấm dứt mối quan hệ với nhóm hoặc tổ chức.,
155,Expectancy theory,Lý thuyết kỳ vọng,Động lực = Kỳ vọng x Tính công cụ x Trị giá.,
156,Expert power,Quyền lực chuyên gia,Ảnh hưởng dựa trên kiến thức và chuyên môn đặc biệt.,
157,Extinction,Sự dập tắt,Giảm hành vi do không còn nhận được sự củng cố tích cực.,
158,Extrinsic motivation,Động lực ngoại tại,"Thúc đẩy bởi phần thưởng bên ngoài (tiền, danh hiệu).",
159,Extrinsic outcomes,Kết quả ngoại tại,Những kết quả do người khác (như cấp trên) trao tặng.,
160,Extrinsic rewards,Phần thưởng ngoại tại,"Phần thưởng bên ngoài công việc như lương, thưởng.",
161,Extroversion,Hướng ngoại,Xu hướng tập trung vào các sự kiện và con người bên ngoài.,
162,Family entrepreneurship,Khởi nghiệp gia đình,Doanh nghiệp thuộc sở hữu và quản lý bởi một gia đình.,
163,Feedback,Phản hồi,Thông tin dùng để điều chỉnh hành vi và cải thiện kết quả.,
164,Figurehead role,Vai trò đại diện,Thực hiện các nhiệm vụ mang tính nghi lễ của nhà quản lý.,
165,First mover,Người tiên phong,Doanh nghiệp đầu tiên mở lối trong một thị trường mới.,
166,First-line management,Quản lý cấp cơ sở,Cấp quản lý trực tiếp điều hành nhân viên thực thi.,
167,Flat organization,Tổ chức phẳng,"Cấu trúc ít cấp bậc, tăng cường quyền tự quyết cho nhân viên.",
168,Flexible benefits system,Hệ thống phúc lợi linh hoạt,Cho phép nhân viên chọn gói phúc lợi theo nhu cầu cá nhân.,
169,Formal group,Nhóm chính thức,Nhóm được tổ chức thiết lập để thực hiện nhiệm vụ cụ thể.,
170,Formal leader,Nhà lãnh đạo chính thức,Người có quyền lực dựa trên vị trí được bổ nhiệm chính thức.,
171,Formal organization,Tổ chức chính thức,Hệ thống quy tắc và cấu trúc được văn bản hóa.,
172,Formalization,Sự chính thức hóa,Thiết lập các quy trình và chuẩn mực hoạt động bằng văn bản.,
173,Forming,Giai đoạn hình thành,Giai đoạn đầu khi các thành viên nhóm tìm hiểu nhau.,
174,Friendship group,Nhóm bạn bè,Nhóm không chính thức dựa trên sự quý mến cá nhân.,
175,Frustration,Sự thất vọng,Phản ứng khi gặp chướng ngại vật cản trở mục tiêu.,
176,Functional structure,Cấu trúc chức năng,Tổ chức nhân sự theo các nghiệp vụ chuyên môn tương đồng.,
177,Fundamental attribution error,Lỗi quy kết về bản chất,Coi trọng quá mức yếu tố cá nhân khi đánh giá lỗi sai của người khác.,lỗi quy kết về bản chất - thấy ng ta có lỗi thì kết luận là bản chất ng ta xấu xa
178,Gain sharing,Chia sẻ lợi ích,Thưởng cho nhân viên dựa trên sự cải thiện năng suất hoặc tiết kiệm chi phí.,
179,General adaptation syndrome,Hội chứng thích nghi chung,"Các giai đoạn cơ thể phản ứng với stress: Báo động, Kháng cự, Kiệt quệ.",
180,Geographic structure,Cấu trúc địa lý,Tổ chức theo khu vực thị trường để phục vụ khách hàng tốt hơn.,
181,Goal commitment,Cam kết mục tiêu,Quyết tâm của cá nhân trong việc đạt được mục tiêu đã định.,
182,Goal conflict,Xung đột mục tiêu,Sự mâu thuẫn về ưu tiên giữa các mục tiêu khác nhau.,
183,Goal theory,Lý thuyết mục tiêu,Mục tiêu khó và cụ thể sẽ thúc đẩy hiệu suất cao hơn.,
184,Goals,Mục tiêu,Những trạng thái mong muốn tổ chức muốn đạt được trong tương lai.,
185,Graphic rating scale,Thang đo đánh giá đồ họa,Đánh giá qua các tiêu chí có sẵn trên một dải điểm số.,
186,Great man theory,Lý thuyết vĩ nhân,Quan điểm cho rằng lãnh đạo là tố chất bẩm sinh của người xuất chúng.,
187,Ground rules,Các quy tắc cơ bản,Quy tắc ứng xử thống nhất giữa các thành viên trong nhóm.,
188,Group,Nhóm,Tập hợp từ hai người trở lên tương tác để đạt mục tiêu.,
189,Group cohesiveness,Tính gắn kết của nhóm,Sự lôi cuốn của nhóm khiến các thành viên muốn ở lại.,
190,Group-level change,Thay đổi cấp độ nhóm,Tập trung vào cải thiện các mối quan hệ và cách phối hợp nhóm.,
191,Groupthink,Tư duy tập thể,Áp lực đồng thuận khiến nhóm đưa ra các quyết định thiếu phản biện.,
192,Habit,Thói quen,Mối liên kết ổn định giữa kích thích và phản hồi qua thời gian.,
193,Halo effect,Hiệu ứng hào quang,Một đặc điểm tích cực khiến đánh giá tổng thể bị lệch lạc theo hướng tốt.,
194,Hardiness,Sự bản lĩnh,Khả năng chuyển hóa áp lực thành động lực phát triển.,
195,"Head, body, and heart","Đầu, thân và tim","Ba phương diện của trí tuệ văn hóa: kiến thức, hành động và cảm xúc.",
196,Health promotion programs,Các chương trình nâng cao sức khỏe,Hoạt động của tổ chức nhằm cải thiện thể chất cho nhân viên.,
197,Hedonism,Thuyết khoái lạc,Hành động để tìm niềm vui và tránh xa nỗi đau.,
198,Heuristics,Lối tắt tư duy,Các quy tắc kinh nghiệm giúp ra quyết định nhanh chóng.,
199,Hierarchy,Thứ bậc,Hệ thống phân cấp quyền lực rõ ràng trong tổ chức.,
200,Hierarchy culture,Văn hóa thứ bậc,"Nhấn mạnh vào sự kiểm soát, quy trình và tính ổn định.",
201,High-technology entrepreneurship,Khởi nghiệp công nghệ cao,Dự án khởi nghiệp dựa trên đột phá kỹ thuật và công nghệ.,
202,Horizontal organizational structures,Cấu trúc tổ chức theo chiều ngang,"Cấu trúc phẳng, linh hoạt và nhấn mạnh vào làm việc nhóm.",
203,Human capital,Vốn con người,Giá trị kinh tế từ kỹ năng và tri thức của con người.,vốn con người
204,Human resource management,Quản trị nguồn nhân lực,Quản lý vòng đời nhân viên để đạt mục tiêu tổ chức.,
205,Human resources compliance,Tuân thủ trong quản trị nhân lực,Đảm bảo mọi hoạt động nhân sự đúng quy định pháp luật.,tuân thủ trong quản trị nhân lực
206,Hygienes,Các yếu tố duy trì,Các yếu tố môi trường làm việc giúp ngăn ngừa sự bất mãn.,
207,Incentives,Khuyến khích / Đãi ngộ,Các tác nhân bên ngoài dùng để thúc đẩy hiệu suất.,
208,Incremental change,Thay đổi tiệm tiến,"Những cải tiến nhỏ, liên tục trên hệ thống hiện có.",
209,Individual assessments,Đánh giá cá nhân,Công cụ đo lường tính cách và phong cách làm việc cá nhân.,
210,Individual development plans,Kế hoạch phát triển cá nhân,Lộ trình cải thiện năng lực riêng biệt cho từng nhân viên.,
211,Individual-level change,Thay đổi cấp độ cá nhân,Giúp từng nhân viên thay đổi kỹ năng hoặc thái độ.,
212,Industrial competitiveness,Năng lực cạnh tranh công nghiệp,Khả năng vượt trội của một ngành/doanh nghiệp trên thị trường.,
213,Influence,Sự ảnh hưởng,Khả năng tác động đến hành vi của người khác.,
214,Informal group,Nhóm không chính thức,"Hình thành tự nhiên từ nhu cầu xã hội, không do tổ chức thiết lập.",
215,Informal leader,Nhà lãnh đạo không chính thức,Người có ảnh hưởng lớn nhưng không giữ vị trí quản lý chính thức.,
216,Informal organization,Tổ chức không chính thức,Mạng lưới các mối quan hệ xã hội tự phát trong công ty.,
217,Information,Thông tin,Dữ liệu có ý nghĩa dùng để hỗ trợ công việc.,
218,Information flow,Luồng thông tin,Sự lưu chuyển dữ liệu giữa các bộ phận trong tổ chức.,
219,Initiating structure,Cấu trúc khởi xướng,Hành vi lãnh đạo tập trung vào việc tổ chức và hoàn thành nhiệm vụ.,
220,Innovation,Sự đổi mới,Hiện thực hóa các ý tưởng mới vào sản phẩm hoặc quy trình.,
221,Input,Đầu vào (Đóng góp),Các nguồn lực hoặc nỗ lực cá nhân bỏ vào công việc.,
222,Instincts,Bản năng,Các phản ứng tự nhiên bẩm sinh để sinh tồn.,
223,Instrumental values,Giá trị công cụ,Những phương thức hành vi được ưa chuộng để đạt mục tiêu.,
224,Integrative bargaining,Thương lượng tích hợp,"Thương lượng tìm kiếm giải pháp ""thắng - thắng"" cho cả hai bên.",
225,Intensity,Cường độ,Sức mạnh của kích thích tác động lên nhận thức.,
226,Intentionality,Tính có mục đích,Mức độ thay đổi được lên kế hoạch và thực hiện một cách chủ động.,
227,Interaction attentiveness,Sự chú tâm tương tác,Mức độ tập trung của các bên trong quá trình giao tiếp.,
228,Interaction process analysis,Phân tích quá trình tương tác,Công cụ nghiên cứu cách các thành viên nhóm tương tác với nhau.,
229,Interdependence,Sự phụ thuộc lẫn nhau,Các đơn vị cần dựa vào nhau để hoàn thành nhiệm vụ chung.,
230,Interest group,Nhóm lợi ích,Nhóm tập hợp để bảo vệ hoặc theo đuổi một mối quan tâm chung.,
231,Intergroup conflict,Xung đột liên nhóm,Bất đồng xảy ra giữa các phòng ban hoặc đơn vị khác nhau.,
232,Internal dimensions of organizations,Các khía cạnh nội bộ của tổ chức,"Các yếu tố bên trong như văn hóa, cấu trúc tác động đến chiến lược.",
233,Interorganizational conflict,Xung đột liên tổ chức,Mâu thuẫn giữa các tổ chức/công ty khác nhau trên thị trường.,
234,Interpersonal conflict,Xung đột liên cá nhân,Bất đồng giữa hai cá nhân cụ thể về một vấn đề.,
235,Intrapersonal conflict,Xung đột nội tâm,Cuộc đấu tranh tâm lý xảy ra bên trong một cá nhân.,
236,Intrinsic motivation,Động lực nội tại,Thúc đẩy từ bên trong vì sự yêu thích bản thân công việc.,
237,Intrinsic outcomes,Kết quả nội tại,Cảm giác thành tựu hoặc thỏa mãn tự thân của cá nhân.,
238,Intrinsic rewards,Phần thưởng nội tại,Sự hài lòng và niềm vui nảy sinh từ việc thực hiện công việc.,
239,Introversion,Hướng nội,Xu hướng tập trung vào thế giới nội tâm và cảm xúc cá nhân.,
240,Job involvement,Sự gắn bó với công việc,Mức độ quan tâm sâu sắc của một người đối với nhiệm vụ của họ.,
241,Job satisfaction,Sự hài lòng trong công việc,Thái độ tích cực của cá nhân đối với trải nghiệm làm việc.,
242,Jurisdictional ambiguities,Mơ hồ về thẩm quyền,Khi ranh giới trách nhiệm giữa các bên không rõ ràng.,
243,Knowledge economy,Nền kinh tế tri thức,Nền kinh tế lấy tri thức làm động lực tăng trưởng chính.,
244,Kotter’s change model,Mô hình thay đổi của Kotter,Quy trình 8 bước để dẫn dắt sự thay đổi tổ chức thành công.,
245,Latent needs,Nhu cầu ngầm,Những nhu cầu có sẵn bên trong nhưng chưa được đánh thức.,nhu cầu ngầm
246,Law of effect,Quy luật hiệu quả,Hành vi dẫn đến kết quả tốt sẽ có xu hướng được lặp lại.,
247,Leadership,Lãnh đạo,Quá trình gây ảnh hưởng xã hội để đạt mục tiêu chung.,
248,Least-preferred coworker,Đồng nghiệp ít được ưa thích nhất,Một thước đo trong lý thuyết Fiedler để xác định phong cách lãnh đạo.,
249,Legitimate power,Quyền lực hợp pháp,Ảnh hưởng dựa trên vị trí chính thức trong hệ thống thứ bậc.,
250,Level of organization,Cấp độ tổ chức,"Quy mô của hệ thống cần tác động (cá nhân, nhóm, toàn tổ chức).",
251,Lewin’s change model,Mô hình thay đổi của Lewin,"Ba giai đoạn: Rã đông, Thay đổi và Đóng băng lại.",
252,Lifestyle entrepreneurship,Khởi nghiệp theo phong cách sống,Doanh nghiệp được tạo ra để phục vụ đam mê hoặc lối sống cá nhân.,
253,Linking role,Vai trò liên kết,Vị trí có nhiệm vụ phối hợp công việc giữa các nhóm khác nhau.,
254,Locus of control,Tâm kiểm soát,Niềm tin vào việc mình hay ngoại cảnh kiểm soát cuộc đời mình.,
255,Long-range planning,Lập kế hoạch dài hạn,Xác định lộ trình và mục tiêu chiến lược cho nhiều năm tới.,
256,Lump-sum pay increase,Tăng lương một lần,Nhận toàn bộ số tiền tăng lương của cả năm trong một lần.,
257,Macro-organizational behavior,Hành vi tổ chức vĩ mô,Nghiên cứu tổ chức dưới góc độ tổng thể hệ thống và cấu trúc.,
258,Managed change,Thay đổi được quản lý,Thay đổi được lãnh đạo chủ động thiết kế để thích ứng.,
259,Management,Quản trị,"Quá trình lập kế hoạch, tổ chức và kiểm soát nguồn lực.",
260,Management by objectives,Quản trị theo mục tiêu,Phương pháp quản lý dựa trên việc thống nhất các mục tiêu cụ thể.,
261,Managerial intervention,Sự can thiệp của quản lý,Nhà quản lý can thiệp trực tiếp để giải quyết vấn đề của nhóm.,
262,Manifest needs,Nhu cầu biểu hiện,Những nhu cầu hiện hữu đang thúc đẩy hành vi tức thời.,
263,Manifest needs theory,Lý thuyết nhu cầu biểu hiện,Hành vi là kết quả của việc cố gắng thỏa mãn các nhu cầu mạnh mẽ.,
264,Market culture,Văn hóa thị trường,"Tập trung vào kết quả, cạnh tranh và hiệu quả kinh doanh.",
265,Matrix structure,Cấu trúc ma trận,Nhân viên báo cáo cho cả quản lý chức năng và quản lý sản phẩm.,
266,McKinsey 7-S model,Mô hình 7-S của McKinsey,Bảy yếu tố nội bộ cần được căn chỉnh để tổ chức thành công.,
267,Mechanistic bureaucratic structure,Cấu trúc quan liêu cơ học,"Cấu trúc cứng nhắc, nhấn mạnh chuyên môn hóa và quy trình.",
268,Mechanistic organizational structures,Cấu trúc tổ chức cơ học,"Phù hợp với môi trường ổn định, dựa trên mệnh lệnh và kiểm soát.",
269,Mental abilities,Khả năng trí tuệ,Năng lực tư duy logic và giải quyết vấn đề bằng trí óc.,
270,Merit matrix,Ma trận tăng lương theo công trạng,Công cụ quyết định mức tăng lương dựa trên thành tích.,
271,Micro-organizational behavior,Hành vi tổ chức vi mô,Nghiên cứu hành vi cá nhân và nhóm nhỏ trong tổ chức.,
272,Middle management,Quản lý cấp trung,Cấp quản lý kết nối giữa lãnh đạo cao cấp và nhân viên cơ sở.,
273,Mining,Khai thác,Kỹ thuật khơi gợi xung đột tiềm ẩn để giải quyết triệt để.,
274,Motivation,Động lực,"Một lực lượng bên trong hoặc bên ngoài cơ thể giúp cung cấp năng lượng, định hướng và duy trì hành vi con người",
275,Motivators,Các yếu tố thúc đẩy,Những yếu tố liên quan đến nội dung công việc mang lại sự hài lòng.,
276,Motive,Động cơ,Nhu cầu hoặc mong muốn cụ thể gây ra hành động.,
277,Nascent entrepreneurs,Nhà khởi nghiệp mới nhen nhóm,Những người đang trong giai đoạn đầu hình thành doanh nghiệp.,
278,Natural disaster,Thiên tai,Sự kiện thiên nhiên gây gián đoạn hoạt động kinh doanh.,
279,Need,Nhu cầu,Sự thiếu hụt về vật chất hoặc tâm lý thúc đẩy hành vi.,
280,Need for achievement (nAch),Nhu cầu thành tựu,Mong muốn làm tốt các công việc thử thách và đạt kết quả cao.,
281,Need for affiliation (nAff),Nhu cầu liên kết,Mong muốn được yêu mến và chấp nhận bởi người khác.,
282,Need for power (nPow),Nhu cầu quyền lực,Mong muốn gây ảnh hưởng và kiểm soát người khác.,
283,Negative reinforcement,Củng cố tiêu cực,Tăng hành vi bằng cách loại bỏ một kích thích khó chịu.,
284,Negotiation,Thương lượng,Quá trình thảo luận giữa các bên để đạt thỏa thuận chung.,
285,Networked-team structure,Cấu trúc đội ngũ mạng lưới,Tổ chức theo các nhóm kết nối linh hoạt thay vì thứ bậc cứng nhắc.,
286,New business owners,Chủ doanh nghiệp mới,Cá nhân vận hành doanh nghiệp dưới 3.5 năm.,
287,Noise,Nhiễu,Mọi yếu tố gây cản trở hoặc làm sai lệch thông điệp giao tiếp.,
288,Nonprogrammed decisions,Quyết định không theo chương trình,"Quyết định cho các vấn đề mới lạ, không có quy trình sẵn.",
289,Nonreinforcement,Không củng cố,Không đưa ra bất kỳ phản hồi nào sau một hành vi.,
290,Normative power,Quyền lực quy chuẩn,Ảnh hưởng dựa trên sự chia sẻ giá trị và niềm tin chung.,
291,Norming,Giai đoạn chuẩn hóa,Giai đoạn nhóm thiết lập các quy tắc và sự đồng thuận.,
292,Norms,Chuẩn mực,Các tiêu chuẩn hành vi được nhóm chấp nhận và tuân thủ.,
293,OD consultant,Tư vấn viên Phát triển Tổ chức,Chuyên gia hỗ trợ doanh nghiệp trong việc thay đổi và cải tiến.,
294,Operant conditioning,Điều kiện hóa vận hành,Học tập qua hệ quả của hành vi (thưởng/phạt).,
295,Operant conditioning theory,Lý thuyết điều kiện hóa vận hành,Giải thích hành vi qua tác động của các yếu tố củng cố.,
296,Organic bureaucratic structure,Cấu trúc quan liêu hữu cơ,Kết hợp giữa sự phân công rõ ràng và tính linh hoạt thích nghi.,
297,Organic organizational structures,Cấu trúc tổ chức hữu cơ,"Linh hoạt, phi tập trung, phù hợp với môi trường biến động.",
298,Organization development (OD),Phát triển tổ chức,Các chiến lược thay đổi hệ thống để tăng hiệu quả tổ chức.,
299,Organization theory,Lý thuyết tổ chức,Nghiên cứu về cách thiết kế và vận hành các tổ chức.,
300,Organization-level change,Thay đổi cấp độ tổ chức,Thay đổi tác động đến toàn bộ bộ máy hoặc sứ mệnh công ty.,
301,Organizational behavior,Hành vi tổ chức,Nghiên cứu về con người trong bối cảnh làm việc tập thể.,
302,Organizational change,Thay đổi tổ chức,Sự chuyển dịch các thành phần của tổ chức theo thời gian.,
303,Organizational commitment,Cam kết tổ chức,Sự trung thành và mong muốn gắn bó lâu dài với công ty.,
304,Organizational design,Thiết kế tổ chức,Xây dựng cấu trúc và văn hóa để thực hiện chiến lược.,
305,Organizational processes,Các quy trình tổ chức,Các hoạt động vận hành thường xuyên của bộ máy.,
306,Organizational structure,Cấu trúc tổ chức,Khung phân cấp nhiệm vụ và quyền hạn trong đơn vị.,
307,Outcome,Kết quả (Quyền lợi),Những gì cá nhận nhận được sau khi hoàn thành công việc.,
308,Overreward inequity,Bất công bằng do phần thưởng cao,Cảm thấy mình nhận được nhiều hơn so với đóng góp và so với người khác.,
309,Paradox,Nghịch lý,Những mâu thuẫn tồn tại song hành trong quản trị.,
310,Partial reinforcement,Củng cố từng phần,Chỉ khen thưởng hành vi vào một số thời điểm nhất định.,
311,Participative pay decisions,Quyết định tiền lương có sự tham gia,Cho phép nhân viên có tiếng nói trong việc xác định thu nhập.,
312,Participatory management,Quản trị có sự tham gia,Khuyến khích nhân viên tham gia vào quá trình ra quyết định.,
313,Path-goal theory of leadership,Lý thuyết lãnh đạo đường dẫn-mục tiêu,Lãnh đạo hỗ trợ nhân viên bằng cách dọn đường đến thành công.,
314,Pay-for-performance model,Mô hình trả lương theo hiệu suất,Thu nhập tỉ lệ thuận với kết quả công việc đạt được.,
315,Perception,Tri giác,Cách cá nhân tiếp nhận và diễn giải thế giới xung quanh.,"Tri giác, giác nhận, tri nhận. (ko phải nhận thức)"
316,Perceptual defense,Phòng vệ tri giác,Phớt lờ thông tin gây khó chịu hoặc đe dọa lòng tự trọng.,nt
317,Perceptual organization,Tổ chức tri giác,Sắp xếp các kích thích rời rạc thành một bức tranh có ý nghĩa.,nt
318,Perceptual selectivity,Lựa chọn tri giác,Chỉ tập trung vào một số thông tin nhất định trong môi trường.,nt
319,Performance appraisals,Đánh giá kết quả công việc,Quy trình đánh giá mức độ hoàn thành nhiệm vụ của nhân viên.,Đánh giá kết quả công việ
320,Performance audit,Kiểm toán hiệu suất,Kiểm tra định kỳ để so sánh thành tích thực tế và kế hoạch.,
321,Performance environment,Môi trường hiệu suất,Các yếu tố bên ngoài tác động đến khả năng làm việc của cá nhân.,
322,Performance management,Quản trị hiệu suất,Hệ thống đảm bảo mọi hoạt động hướng tới mục tiêu chung.,
323,Performance-outcome expectancy,Kỳ vọng kết quả - phần thưởng,Niềm tin rằng thành tích tốt sẽ mang lại phần thưởng xứng đáng.,
324,Performing,Giai đoạn hoạt động hiệu quả,Giai đoạn nhóm làm việc đồng bộ và đạt năng suất tối đa.,
325,Personal control,Sự kiểm soát cá nhân,Mức độ tự tin vào khả năng tác động đến kết quả công việc.,
326,Personal values,Giá trị cá nhân,Những chuẩn mực đạo đức và niềm tin riêng của từng người.,
327,Personality,Tính cách,Các đặc điểm tâm lý ổn định tạo nên sự khác biệt cá nhân.,
328,Physical abilities,Khả năng thể chất,"Các năng lực về sức mạnh, sự dẻo dai và khéo léo.",
329,Planned change,Thay đổi có kế hoạch,Thay đổi được dự liệu trước để đạt lợi thế chiến lược.,
330,Politics,Chính trị,Hoạt động sử dụng quyền lực để giành lợi ích trong tổ chức.,
331,Pooled interdependence,Phụ thuộc lẫn nhau kiểu tích tụ,Các đơn vị làm việc độc lập rồi gộp kết quả lại với nhau.,
332,Positive mindset,Tư duy trân trọng/tích cực,Cách tiếp cận tin tưởng vào tiềm năng và sự xuất sắc của nhân viên để thúc đẩy thay đổi.,
333,Positive reinforcement,Củng cố tích cực,Tăng hành vi mong muốn bằng cách trao thưởng hấp dẫn.,
334,Potential entrepreneurs,Nhà khởi nghiệp tiềm năng,Những người tin rằng mình có ý tưởng và năng lực khởi nghiệp.,
335,Power,Quyền lực,Khả năng của một bên trong việc áp đặt ý chí lên bên khác bất kể sự kháng cự.,
336,Power dependencies,Sự phụ thuộc quyền lực,Mối quan hệ nơi một bên cần bên kia cung cấp nguồn lực.,
337,Primary needs,Nhu cầu sơ cấp,"Các nhu cầu sinh học thiết yếu như ăn, ngủ, an toàn.",
338,Process conflict,Xung đột quy trình,Bất đồng về phương pháp thực hiện nhiệm vụ hiệu quả nhất.,
339,Process motivation theories,Lý thuyết quá trình về động lực,"Giải thích ""tại sao"" và ""như thế nào"" động lực được duy trì.",
340,Product structures,Cấu trúc sản phẩm,Tổ chức nhân sự xoay quanh các dòng sản phẩm cụ thể.,
341,Programmed decisions,Quyết định theo chương trình,Giải quyết các vấn đề lặp lại bằng các quy tắc định sẵn.,
342,Psychomotor abilities,Khả năng vận động tâm thần,Sự phối hợp giữa trí não và các bộ phận cơ thể.,
343,Punishment,Hình phạt,Áp dụng hệ quả tiêu cực để loại bỏ hành vi không tốt.,
344,Rate of life change,Tỷ lệ thay đổi cuộc sống,Đo lường áp lực tâm lý từ các biến cố lớn trong đời.,
345,Rationality,Tính hợp lý / Duy lý,Suy luận dựa trên logic và dữ liệu thực tế.,
346,Reactive system,Hệ thống phản ứng,"Cơ chế xử lý thông tin nhanh, cảm tính và tự động.",
347,Real-time permission,Sự cho phép theo thời gian thực,Kỹ thuật chấp nhận xung đột để đi thẳng vào vấn đề cốt lõi.,
348,Receiver,Người nhận,Đối tượng đích của một thông điệp giao tiếp.,
349,Recency error,Lỗi hành vi gần nhất,Đánh giá bị ảnh hưởng quá mức bởi những sự kiện mới xảy ra.,
350,Reciprocal determinism,Quyết định luận tương hỗ,"Sự tác động qua lại giữa tính cách, hành vi và môi trường.",
351,Reciprocal interdependence,Phụ thuộc lẫn nhau kiểu tương hỗ,Các đơn vị trao đổi thông tin qua lại liên tục để hoàn thành việc.,
352,Referent others,Người tham chiếu,Đối tượng mà cá nhân chọn để so sánh sự công bằng.,
353,Referent power,Quyền lực tham chiếu,Ảnh hưởng có được do sự ngưỡng mộ và yêu mến của người khác.,
354,Reflective system,Hệ thống phản chiếu,"Cơ chế xử lý thông tin chậm, logic và có phân tích.",
355,Reinforcement,Sự củng cố,Các tác động làm tăng hoặc giảm khả năng lặp lại hành vi.,
356,Relationship conflict,Xung đột mối quan hệ,"Mâu thuẫn dựa trên ác cảm cá nhân, thường gây hại cho nhóm.",
357,Reliability,Độ tin cậy,Sự ổn định và nhất quán của các kết quả đo lường.,
358,Resistance,Sự kháng cự,Hành động chống lại hoặc trì hoãn các tác động thay đổi.,
359,Resistance price,Giá kháng cự,Điểm giới hạn mà một bên không thể nhượng bộ thêm.,
360,Resource dependence,Sự phụ thuộc nguồn lực,Tình trạng cần sự hỗ trợ của bên khác để vận hành.,
361,Resources,Nguồn lực,Mọi tài sản hữu hình và vô hình phục vụ mục tiêu tổ chức.,
362,Response disposition,Khuynh hướng phản hồi,Xu hướng phản ứng quen thuộc với các kích thích nhất định.,
363,Response salience,Sự nổi bật của phản hồi,Một kích thích trở nên quan trọng hơn do nhu cầu hiện tại.,
364,Reward power,Quyền lực khen thưởng,Khả năng kiểm soát và trao các phần thưởng người khác muốn.,
365,Role,Vai trò,Các hành vi kỳ vọng gắn với một vị trí công việc.,
366,Role ambiguity,Mơ hồ vai trò,Không rõ mình phải làm gì hoặc làm như thế nào.,
367,Role conflict,Xung đột vai trò,Đối mặt với những yêu cầu mâu thuẫn nhau từ nhiều phía.,
368,Role episode,Phân đoạn vai trò,Một chu kỳ gửi kỳ vọng và phản hồi hành vi vai trò.,
369,Role overload,Quá tải vai trò,Có quá nhiều việc phải làm trong một khoảng thời gian ngắn.,
370,Role perceptions,Tri giác vai trò,Cách một người hiểu về các trách nhiệm của mình.,tri giác
371,Role set,Tập hợp vai trò,Nhóm những người có liên quan đến công việc của cá nhân.,
372,Role underutilization,Sự thiếu hụt sử dụng vai trò,Không được sử dụng hết kỹ năng và kinh nghiệm sẵn có.,
373,Satisficing,Sự thỏa mãn mục tiêu,"Chọn giải pháp ""đủ tốt"" thay vì giải pháp hoàn hảo nhất.",
374,Schedules of reinforcement,Các lịch trình củng cố,Các phương thức xác định thời điểm khen thưởng hiệu quả.,
375,Scope of change,Phạm vi thay đổi,Độ rộng và độ sâu của các thay đổi trong tổ chức.,
376,Second movers,Người đi sau,Công ty học hỏi từ sai lầm của người đi trước để cải tiến.,
377,Secondary needs,Nhu cầu thứ cấp,"Các nhu cầu tâm lý như địa vị, sự tôn trọng, quyền lực.",
378,Selective perception,Tri giác có chọn lọc,Chỉ lọc lấy thông tin phù hợp với quan điểm cá nhân.,tri giác
379,Self-determination theory,Lý thuyết tự quyết,Nhấn mạnh tầm quan trọng của tự chủ đối với động lực nội tại.,
380,Self-efficacy,Tự hiệu quả,Niềm tin vào năng lực bản thân để vượt qua thử thách.,
381,Self-esteem,Lòng tự trọng,Đánh giá tổng thể về giá trị và phẩm giá của chính mình.,
382,Self-regulation,Tự điều chỉnh,Khả năng tự kiểm soát cảm xúc và hành vi hướng mục tiêu.,
383,Self-reinforcement,Tự củng cố,Cá nhân tự khen thưởng mình khi đạt được mục tiêu nhỏ.,
384,Self-serving bias,Thiên kiến vị kỷ,Xu hướng quy kết thành công cho bản thân và đổ lỗi thất bại cho ngoại cảnh để bảo vệ cái tôi.,
385,Self-talk,Tự đối thoại,Những thông điệp nội tâm dùng để khích lệ bản thân.,
386,Sequential interdependence,Phụ thuộc lẫn nhau kiểu nối tiếp,"Làm việc theo dây chuyền, bước sau đợi kết quả bước trước.",
387,Habitual entrepreneurship,Khởi nghiệp hàng loạt,Cá nhân liên tục khởi nghiệp nhiều dự án khác nhau.,
388,Shaping,Định hình,Khen thưởng những cải tiến nhỏ tiến tới hành vi cuối cùng.,
389,Simple-Stable environments,Môi trường Đơn giản - Ổn định,"Ít yếu tố biến động và mọi thứ diễn ra chậm rãi, dễ đoán.",
390,Simple-Unstable environments,Môi trường Đơn giản - Không ổn định,"Ít yếu tố nhưng biến động bất ngờ, khó lường trước.",
391,Situational approach,Tiếp cận theo tình huống,Nhìn nhận thái độ nảy sinh từ bối cảnh cụ thể của công việc.,
392,Skills-based incentives,Khuyến khích dựa trên kỹ năng,Thưởng dựa trên vốn kỹ năng mà nhân viên tích lũy được.,
393,Social entrepreneurship,Khởi nghiệp xã hội,Dự án kinh doanh nhằm giải quyết các thách thức cộng đồng.,
394,Social learning theory,Lý thuyết học tập xã hội,Học tập thông qua quan sát hành động của người khác.,
395,Social loafing,Sự ỷ lại tập thể,Cá nhân làm việc ít hơn khi tham gia vào một nhóm lớn.,
396,Social perception,Tri giác xã hội,Cách chúng ta hiểu và hình thành ấn tượng về người khác.,tri giác
397,Social support,Sự hỗ trợ xã hội,Sự giúp đỡ và cảm thông từ đồng nghiệp và lãnh đạo.,
398,Social-info-processing,Tiếp cận xử lý thông tin xã hội,Thái độ bị ảnh hưởng mạnh bởi những gì đồng nghiệp xung quanh nói.,
399,SHRM,Hiệp hội Quản trị Nguồn nhân lực,Tổ chức chuyên môn uy tín nhất dành cho dân nhân sự toàn cầu.,
400,Socio-cultural forces,Các lực lượng văn hóa - xã hội,Các giá trị và thói quen tiêu dùng của xã hội tác động doanh nghiệp.,
401,Span of control,Tầm hạn quản trị,Số lượng nhân viên dưới quyền trực tiếp của một nhà quản lý.,
402,Specialization,Sự chuyên môn hóa,Phân chia công việc thành các phần việc nhỏ cho chuyên gia.,
403,Stakeholders,Các bên liên quan,Mọi đối tượng có quyền lợi hoặc chịu tác động từ tổ chức.,
404,State of equity,Trạng thái công bằng,Khi tỷ lệ đóng góp/kết quả của các bên được coi là tương xứng.,
405,Status incongruence,Không tương xứng địa vị,Khi thứ bậc thực tế và biểu tượng địa vị không khớp nhau.,
406,Status inconsistencies,Không nhất quán địa vị,Mâu thuẫn khi các tiêu chuẩn địa vị được áp dụng không đều.,
407,Status system,Hệ thống địa vị,Cách tổ chức xếp hạng và tôn vinh các cá nhân/nhóm.,
408,Stereotyping,Định kiến / Rập khuôn,Quy chụp đặc điểm của cả nhóm lên một cá nhân cụ thể.,
409,Storming,Giai đoạn sóng gió,Giai đoạn xảy ra các xung đột nội bộ về quyền lực và ý tưởng.,
410,Strain,Sự tổn hại do căng thẳng,Hệ quả vật lý hoặc tinh thần từ việc chịu stress kéo dài.,
411,Strategic change,Thay đổi chiến lược,Điều chỉnh căn bản phương hướng để thích nghi với thị trường.,
412,Strategic contingencies,Các tình huống bất trắc chiến lược,Sự phụ thuộc vào các đơn vị nắm giữ nguồn lực hoặc kỹ năng then chốt.,
413,Stress,Stress,Phản ứng sinh lý và tâm lý trước các áp lực môi trường.,
414,Stretch assignments,Nhiệm vụ thách thức,Giao việc khó hơn năng lực hiện tại để đào tạo tài năng.,
415,Strictness/Leniency error,Lỗi khắt khe hoặc Quá dễ dãi,Người đánh giá cho điểm quá thấp hoặc quá cao cho tất cả mọi người.,
416,Structural change,Thay đổi cấu trúc,Thay đổi trong sơ đồ tổ chức và các mối quan hệ báo cáo.,
417,Structural intervention,Sự can thiệp cấu trúc,Thay đổi bộ máy hoặc quy trình để giảm thiểu mâu thuẫn nhóm.,
418,Succession,Sự kế thừa,Sự tiếp nối quyền lực lãnh đạo từ thế hệ này sang thế hệ sau.,
419,Succession planning,Quy hoạch kế thừa,Chuẩn bị sẵn đội ngũ thay thế cho các vị trí trọng yếu.,
420,Suppression of dissent,Áp chế sự bất đồng,Ngăn cản nhân viên đưa ra ý kiến phản biện hoặc trái chiều.,
421,Symbolic coding,Mã hóa biểu tượng,Dùng hình ảnh hoặc từ ngữ để ghi nhớ quy trình công việc.,
422,Talent,Tài năng,Những nhân sự có năng lực vượt trội giúp tổ chức bứt phá.,
423,Talent acquisition,Thu hút tài năng,Chiến lược chủ động tìm và chiêu mộ người giỏi về công ty.,
424,Talent development,Phát triển tài năng,Hoạt động bồi dưỡng và giữ chân đội ngũ nhân sự nòng cốt.,
425,Talent review calibration,Hiệu chuẩn đánh giá tài năng,Cuộc họp thống nhất các tiêu chuẩn đánh giá người giỏi giữa các sếp.,
426,Task force,Nhóm đặc nhiệm,Nhóm tập hợp khẩn cấp để xử lý một vấn đề quan trọng.,
427,Task group,Nhóm nhiệm vụ,Nhóm làm việc cùng nhau để hoàn thành một mục tiêu cụ thể.,
428,Task interdependencies,Phụ thuộc nhiệm vụ,Sự phụ thuộc lẫn nhau trong công việc gây ra nhu cầu phối hợp.,
429,Task uncertainty,Tính bất định nhiệm vụ,Mức độ thiếu rõ ràng về cách thực hiện một công việc.,
430,Technological change,Thay đổi công nghệ,"Sự thay đổi trong máy móc, phần mềm hoặc quy trình sản xuất.",
431,Technological forces,Các lực lượng công nghệ,Xu hướng tiến bộ kỹ thuật tác động đến cách vận hành doanh nghiệp.,
432,Technology,Công nghệ,Tập hợp các phương tiện và phương pháp sản xuất của tổ chức.,
433,Terminal values,Giá trị đích,Những trạng thái cuối cùng mà con người mong muốn đạt được.,giá trị đích
434,Theory,Lý thuyết,Hệ thống các khái niệm để giải thích một hiện tượng quản trị.,
435,Third-party consultation,Tham vấn bên thứ ba,Nhờ chuyên gia bên ngoài hòa giải các mâu thuẫn nội bộ.,
436,Tolerance for ambiguity,Chịu đựng sự mơ hồ,Khả năng làm việc tốt dù không có đầy đủ thông tin rõ ràng.,
437,Top-down change,Thay đổi từ trên xuống,Thay đổi xuất phát từ mệnh lệnh và tầm nhìn của cấp cao nhất.,
438,Total rewards strategy,Chiến lược tổng đãi ngộ,Gói lợi ích bao gồm cả tiền bạc và phi vật chất cho nhân viên.,
439,Training,Đào tạo,Quy trình học tập nâng cao kỹ năng cho công việc hiện tại.,
440,Transformational change,Thay đổi mang tính chuyển đổi,Thay đổi triệt để bản chất và văn hóa của toàn tổ chức.,
441,Transformational leader,Nhà lãnh đạo chuyển đổi,Người khơi dậy đam mê và thay đổi tư duy của cấp dưới.,
442,Trust,Sự tin tưởng,Niềm tin vào thiện chí và sự chính trực của đối phương.,
443,Type A personality,Tính cách loại A,"Kiểu người năng nổ, nóng tính và cực kỳ coi trọng thời gian.",
444,Uncertainty,Tính bất định,Tình trạng thiếu thông tin khiến kết quả trở nên khó dự đoán.,
445,Unconditioned response,Phản hồi không điều kiện,Phản xạ tự nhiên không cần học tập trước.,
446,Underreward inequity,Bất công bằng do phần thưởng thấp,Cảm giác bị thiệt thòi khi so sánh đóng góp của mình với người khác.,
447,Unplanned change,Thay đổi ngoài kế hoạch,Những biến đổi bất thình lình nảy sinh do hoàn cảnh khách quan.,
448,Utilitarian power,Quyền lực thực dụng,Quyền lực dựa trên sự trao đổi lợi ích kinh tế sòng phẳng.,
449,Valences,Trị giá (Độ hấp dẫn),Mức độ khao khát của cá nhân đối với một phần thưởng cụ thể.,
450,Validity,Tính hợp lệ,Thước đo phản ánh chính xác nội dung cần được đánh giá.,thẩm định tính hữu hiệu?
451,Values,Giá trị,Những chuẩn mực quan trọng định hướng hành động và quyết định.,
452,Venture capital,Vốn mạo hiểm,Nguồn đầu tư cho dự án rủi ro cao nhưng tiềm năng lớn.,
453,Vertical organizational structure,Cấu trúc tổ chức theo chiều dọc,Cấu trúc truyền thống với nhiều nấc thang quản trị.,
454,Vicarious learning,Học tập trải nghiệm gián tiếp,Rút kinh nghiệm từ việc xem người khác làm và kết quả của họ.,
455,Virtual structure,Cấu trúc ảo,"Tổ chức kết nối qua internet, không cần văn phòng vật lý tập trung.",
456,Vision,Tầm nhìn,Mục tiêu lý tưởng mà tổ chức khao khát đạt tới trong tương lai.,
457,Visionary leader,Lãnh đạo viễn kiến,Người dẫn dắt dựa trên những giấc mơ và viễn cảnh to lớn.,lãnh đạo viễn kiến
458,War for talent,Cuộc chiến giành nhân tài,Sự cạnh tranh gay gắt giữa các hãng để có được người giỏi nhất.,
459,Work,Công việc,Nỗ lực để tạo ra sản phẩm hoặc dịch vụ có ích.,
460,Work centrality,Tính trung tâm của công việc,Mức độ quan trọng của công việc đối với giá trị sống của cá nhân.,
461,Work ethic,Đạo đức nghề nghiệp,Niềm tin vào tầm quan trọng và giá trị của sự chăm chỉ.,
462,Work motivation,Động lực làm việc,Năng lượng dồi dào dành cho các hoạt động nghề nghiệp.,
463,Work role,Vai trò công việc,Những mong đợi của sếp và đồng nghiệp về vị trí của bạn.,
464,Work technology,Công nghệ làm việc,Các công cụ cần thiết để hoàn thành định mức công việc.,
465,Work to rule,Làm việc đúng quy trình,Một cách đình công bằng cách làm chậm mọi thứ theo quy trình cũ.,
466,Workflow immediacy,Tính tức thì của luồng công việc,Sự tác động nhanh chóng của một khâu sản xuất đến khâu tiếp theo.,
467,Workflow pervasiveness,Tính phổ biến của luồng công việc,Sự ảnh hưởng lan tỏa của một đơn vị đến toàn bộ hệ thống.,
468,Working group,Nhóm làm việc,Nhóm các chuyên gia làm việc cùng nhau; hiệu suất tạo nên từ kết quả cá nhân của tất cả các thành viên.,
469,social-information-processing approach,Tiếp cận xử lý thông tin xã hội,Quan điểm cho rằng thái độ được định hình bởi thông tin và tương tác với đồng nghiệp,
470,inclusion,Sự hòa nhập,Việc tạo dựng môi trường tôn trọng và phát huy vai trò của tất cả các cá nhân đa dạng,
471,surface-level diversity,Đa dạng bề nổi,Các đặc điểm đa dạng dễ nhận biết bên ngoài như giới tính, chủng tộc, độ tuổi,
472,deep-level diversity,Đa dạng chiều sâu,Các đặc điểm đa dạng bên trong như giá trị, thái độ, nhân cách và niềm tin,
473,hidden diversity,Đa dạng ẩn,Các đặc tính nhận dạng không thể thấy ngay như tôn giáo, định hướng hay bệnh tật,
474,glass ceiling,Trần thủy tinh,Rào cản vô hình ngăn cản phụ nữ và người thiểu số vươn tới vị trí lãnh đạo cao cấp,
475,workplace discrimination,Phân biệt đối xử tại nơi làm việc,Hành vi đối xử không công bằng dựa trên nhóm nhận dạng cá nhân,
476,access discrimination,Phân biệt đối xử tiếp cận,Rào cản ngăn cản nhóm thiểu số tiếp cận cơ hội tuyển dụng và thăng tiến,
477,treatment discrimination,Phân biệt đối xử đãi ngộ,Đối xử bất bình đẳng về lương thưởng và điều kiện làm việc,
478,managing diversity,Quản trị sự đa dạng,Các chính sách nhằm tối ưu hóa lợi ích và giảm thiểu xung đột từ sự đa dạng,
479,social identity theory,Lý thuyết bản dạng xã hội,Lý thuyết cho rằng cá nhân phân loại bản thân vào các nhóm xã hội,
480,similarity-attraction paradigm,Mô hình tương đồng - thu hút,Xu hướng con người bị thu hút bởi những người có đặc điểm giống mình,
481,cognitive diversity hypothesis,Giả thuyết đa dạng nhận thức,Quan điểm cho rằng sự đa dạng góc nhìn giúp nâng cao chất lượng quyết định,
482,strictness error,Lỗi quá khắt khe,Lỗi đánh giá cho điểm thấp hơn mức thực tế của nhân viên,
483,work group,Nhóm làm việc,Tập hợp các cá nhân tương tác để chia sẻ thông tin và ra quyết định,
484,group norms,Chuẩn mực nhóm,Các quy tắc và kỳ vọng chung điều chỉnh hành vi của các thành viên,
485,group dynamics,Động lực học nhóm,Các lực lượng tâm lý xã hội vận hành và tương tác trong nhóm,
486,work team,Đội làm việc,Tập hợp các cá nhân có kỹ năng bổ sung phối hợp cùng hướng tới mục tiêu chung,
487,cross-functional teams,Đội liên chức năng,Đội gồm các thành viên từ các chuyên môn hoặc phòng ban khác nhau,
488,self-managed teams,Đội tự quản,Đội làm việc tự chịu trách nhiệm quản lý và vận hành công việc,
489,virtual teams,Đội ảo / Đội từ xa,Đội sử dụng công nghệ viễn thông để hợp tác xuyên khoảng cách địa lý,
490,team building,Xây dựng đội ngũ,Các hoạt động nâng cao sự tương tác và hiệu suất làm việc nhóm,
491,managerial communication,Giao tiếp quản trị,Quy trình chia sẻ và trao đổi thông tin trong điều hành tổ chức,
492,feedback loop,Vòng phản hồi,Phản ứng của người nhận giúp người gửi đánh giá mức độ thấu hiểu,
493,scientific management,Quản trị theo khoa học,Lý thuyết của Frederick Taylor nhằm tối ưu hóa năng suất lao động,
494,human relations movement,Phong trào Quan hệ con người,Trường phái nhấn mạnh yếu tố tâm lý xã hội và nhu cầu của người lao động,
495,Hawthorne studies,Các nghiên cứu Hawthorne,Loạt nghiên cứu lịch sử phát hiện ra tác động của sự quan tâm đến năng suất,
