key,translation,options,desc_en,desc_vi,chapter,status,notes
administrative law,luật hành chính,,Rules,regulations,and orders passed by boards,commissions,and agencies of government
antitrust regulation,quy định chống độc quyền,,Laws that prevent companies from controlling trade through a monopoly,Luật ngăn chặn các công ty kiểm soát thương mại thông qua độc quyền,_book-level,confirmed,antitrust = chống độc quyền/chống tập trung kinh tế
appellate courts (courts of appeals),tòa phúc thẩm,,Courts that review decisions of lower courts; no cases start here,Tòa án xem xét lại các quyết định của tòa cấp dưới; không có vụ án nào bắt đầu ở đây,_book-level,confirmed,Thuật ngữ tố tụng chuẩn VN
arbitration,trọng tài,phân xử,Settling disputes using an impartial third party whose decision is binding,Giải quyết tranh chấp bằng bên thứ ba trung lập có quyết định ràng buộc,_book-level,confirmed,Trong bối cảnh pháp lý VN: trọng tài thương mại khi nói về kinh doanh
bankruptcy,phá sản,,Legal procedure for individuals/businesses that cannot meet financial obligations,Thủ tục pháp lý cho cá nhân/doanh nghiệp không thể thực hiện nghĩa vụ tài chính,_book-level,confirmed,
breach of contract,vi phạm hợp đồng,,When one party fails (without legal excuse) to fulfill the terms of an agreement,Khi một bên không thực hiện (không có lý do pháp lý) các điều khoản của thỏa thuận,_book-level,confirmed,
business law,luật kinh doanh,luật thương mại,The body of law that governs commercial dealings,Hệ thống luật điều chỉnh các giao dịch thương mại,_book-level,confirmed,Dùng 'luật kinh doanh' vì sách dùng bối cảnh rộng
common law,thông luật,luật án lệ,Unwritten law evolved from judicial (court) decisions,also called case law,Luật bất thành văn phát triển từ các quyết định tư pháp (tòa án),còn gọi là luật án lệ,_book-level
consumerism,chủ nghĩa tiêu dùng,phong trào bảo vệ người tiêu dùng,Social movement seeking to increase the rights and powers of buyers vis-à-vis sellers,Phong trào xã hội nhằm tăng cường quyền và sức mạnh của người mua so với người bán,_book-level,confirmed,Bối cảnh sách nhấn mạnh khía cạnh phong trào bảo vệ quyền lợi
contract,hợp đồng,,An agreement that sets forth the relationship between parties regarding performance of a specified action,Thỏa thuận thiết lập mối quan hệ giữa các bên về việc thực hiện một hành động cụ thể,_book-level,confirmed,
copyright,bản quyền,quyền tác giả,Exclusive right given to a creator to use,produce,and sell their creation,shown by ©,Quyền độc quyền của người sáng tạo để sử dụng
deregulation,bãi bỏ quy định,nới lỏng quy định,Removal of rules and regulations governing business competition,Việc xóa bỏ các quy tắc và quy định điều chỉnh cạnh tranh kinh doanh,_book-level,confirmed,Bối cảnh: chính phủ Mỹ 1980-1990s bãi bỏ quy định ngành hàng không
excise taxes,thuế tiêu thụ đặc biệt,,Taxes placed on specific items such as gasoline,alcohol,cigarettes,airline tickets,Thuế đánh vào các mặt hàng cụ thể như xăng dầu
income taxes,thuế thu nhập,,Taxes based on the income received by businesses and individuals,Thuế dựa trên thu nhập của doanh nghiệp và cá nhân,_book-level,confirmed,
judiciary,tư pháp,cơ quan tư pháp; ngành tư pháp,The branch of government responsible for settling disputes by applying and interpreting law,Nhánh chính phủ chịu trách nhiệm giải quyết tranh chấp bằng cách áp dụng và giải thích pháp luật,_book-level,confirmed,Dùng 'tư pháp' khi nói về ngành; 'cơ quan tư pháp' khi nói về tổ chức cụ thể
laws,pháp luật,luật pháp,Rules of conduct created and enforced by a controlling authority,usually the government,Các quy tắc ứng xử được tạo ra và thực thi bởi cơ quan có thẩm quyền,thường là chính phủ,_book-level
mediation,hòa giải,,Settling disputes using a neutral third party whose decision is NOT binding,Giải quyết tranh chấp bằng bên thứ ba trung lập có quyết định KHÔNG ràng buộc,_book-level,confirmed,Phân biệt với arbitration: mediation không ràng buộc
patent,bằng sáng chế,,Exclusive right to manufacture,use,and sell an invention for 20 years,Quyền độc quyền sản xuất,sử dụng và bán một phát minh trong 20 năm
payroll taxes,thuế lương,thuế trên quỹ lương,Employer's share of Social Security taxes and unemployment taxes on wages/salaries,Phần đóng góp của nhà tuyển dụng cho thuế An sinh Xã hội và thuế thất nghiệp trên lương,_book-level,confirmed,Bao gồm Social Security
product liability,trách nhiệm sản phẩm,,Manufacturers' and sellers' responsibility for defects in products they make and sell,Trách nhiệm của nhà sản xuất và người bán đối với lỗi trong sản phẩm họ làm và bán,_book-level,confirmed,
property taxes,thuế tài sản,thuế bất động sản,Taxes assessed on real and personal property based on assessed value,Thuế đánh trên bất động sản và tài sản cá nhân dựa trên giá trị định giá,_book-level,confirmed,Dùng 'thuế tài sản' vì bao gồm cả real property và personal property
sales taxes,thuế bán hàng,thuế doanh thu,Taxes levied on goods when sold,as a percentage of sales price,Thuế đánh trên hàng hóa khi bán,tính theo phần trăm giá bán,_book-level
servicemark,nhãn hiệu dịch vụ,,A mark that identifies a service provider,using SM symbol instead of ®,Dấu hiệu nhận diện nhà cung cấp dịch vụ,sử dụng ký hiệu SM thay vì ®,_book-level
statutory law,luật thành văn,luật do cơ quan lập pháp ban hành,Written law enacted by legislatures at all levels of government,Luật thành văn do các cơ quan lập pháp ở mọi cấp chính phủ ban hành,_book-level,confirmed,Đối lập với common law (thông luật / luật án lệ)
strict liability,trách nhiệm nghiêm ngặt,trách nhiệm tuyệt đối,Legal responsibility for harm caused by defective products even without proof of negligence,Trách nhiệm pháp lý đối với thiệt hại do sản phẩm lỗi gây ra ngay cả khi không chứng minh được sơ suất,_book-level,confirmed,Nguyên tắc: chỉ cần chứng minh sản phẩm lỗi và gây thiệt hại
tort,hành vi gây thiệt hại,vi phạm dân sự,A civil (private) act that harms other people or their property,Hành vi dân sự gây thiệt hại cho người khác hoặc tài sản của họ,_book-level,confirmed,Giữ nguyên '(tort)' trong ngoặc khi cần vì thuật ngữ này chưa có dịch chuẩn phổ biến trong tiếng Việt
trademark,thương hiệu,nhãn hiệu,A design,name,or distinctive mark identifying a manufacturer's goods in the marketplace,Thiết kế,tên hoặc dấu hiệu đặc trưng nhận diện hàng hóa của nhà sản xuất trên thị trường
trial courts,tòa sơ thẩm,,Courts where cases are first heard,also called courts of general jurisdiction,Tòa án nơi các vụ án được xét xử lần đầu,còn gọi là tòa thẩm quyền chung,_book-level
uniform commercial code (ucc),Bộ luật Thương mại Thống nhất (UCC),,Model law setting forth rules for commercial transactions,adopted by 49 states,Luật mẫu thiết lập các quy tắc cho giao dịch thương mại,được 49 tiểu bang áp dụng,_book-level
business,doanh nghiệp,,An organization that strives for a profit by providing goods and services desired by its customers,Tổ chức nỗ lực tạo lợi nhuận bằng cách cung cấp hàng hóa và dịch vụ mà khách hàng mong muốn,chapter-1,confirmed,
goods,hàng hóa,,Tangible items manufactured by businesses,Các sản phẩm hữu hình do doanh nghiệp sản xuất,chapter-1,confirmed,
services,dịch vụ,,Intangible offerings of businesses that can't be held,touched,or stored,Sản phẩm vô hình của doanh nghiệp không thể cầm,chạm hoặc lưu trữ
standard of living,mức sống,,A country's output of goods and services people can buy with the money they have,Sản lượng hàng hóa và dịch vụ mà người dân có thể mua với số tiền họ có,chapter-1,confirmed,
quality of life,chất lượng cuộc sống,,General level of human happiness based on life expectancy,education,health,etc.,Mức độ hạnh phúc chung dựa trên tuổi thọ
risk,rủi ro,,Potential to lose time and money or otherwise not accomplish an organization's goals,Khả năng mất thời gian và tiền bạc hoặc không đạt được mục tiêu của tổ chức,chapter-1,confirmed,
revenue,doanh thu,,Money a company receives by providing services or selling goods to customers,Tiền mà công ty nhận được từ cung cấp dịch vụ hoặc bán hàng hóa cho khách hàng,chapter-1,confirmed,
costs,chi phí,,Expenses for rent,salaries,supplies,transportation and other items a company incurs,Chi phí thuê mặt bằng
profit,lợi nhuận,,The money left over after all expenses are paid; revenue minus costs,Số tiền còn lại sau khi trả hết chi phí; doanh thu trừ chi phí,chapter-1,confirmed,
not-for-profit organization,tổ chức phi lợi nhuận,,Organization that exists to achieve some goal other than the usual business goal of profit,Tổ chức tồn tại để đạt mục tiêu khác ngoài mục tiêu lợi nhuận thông thường,chapter-1,confirmed,
factors of production,yếu tố sản xuất,các nhân tố sản xuất,Resources needed to produce goods and services: natural resources,labor,capital,entrepreneurship,knowledge
capital,vốn,tư bản,Tools,machinery,equipment,and buildings used to produce goods and services,Công cụ
entrepreneurs,doanh nhân,nhà khởi nghiệp,"People who combine inputs of natural resources, labor, and capital to produce goods/services","Người kết hợp các đầu vào tài nguyên thiên nhiên, lao động và vốn để sản xuất hàng hóa/dịch vụ",5,confirmed,
knowledge,tri thức,kiến thức,Combined talents and skills of the workforce; fifth factor of production,Tài năng và kỹ năng kết hợp của lực lượng lao động; yếu tố sản xuất thứ năm,chapter-1,confirmed,Dùng 'tri thức' khi nói về yếu tố sản xuất; 'kiến thức' trong ngữ cảnh thông thường
knowledge workers,lao động tri thức,,Workers whose primary contribution is knowledge and cognitive skills rather than physical labor,Người lao động có đóng góp chính là tri thức và kỹ năng tư duy thay vì lao động chân tay,chapter-1,confirmed,
amazon,Amazon,,,,5,confirmed,"Tên riêng, không dịch"
angel investors,nhà đầu tư thiên thần,nhà đầu tư mồi,Investors who provide backing for very early-stage businesses,Những nhà đầu tư hỗ trợ tài chính cho các doanh nghiệp ở giai đoạn cực kỳ sơ khai,5,confirmed,
bezos,Bezos,,,,5,confirmed,"Tên riêng, không dịch"
business plan,kế hoạch kinh doanh,,A formal document that details a company's goals and how it intends to achieve them,Tài liệu chính thức chi tiết hóa các mục tiêu của công ty và cách thức đạt được chúng,5,confirmed,
certified public accountant,kế toán viên công chứng,,An accountant who has met state licensing requirements,Kế toán viên đáp ứng các yêu cầu cấp phép của tiểu bang,5,confirmed,
cpa,CPA,kế toán viên công chứng,,,5,confirmed,Viết tắt của Certified Public Accountant
debt,nợ,vốn vay,Borrowed money that must be repaid,Khoản tiền đi vay phải hoàn trả,5,confirmed,
department of commerce,Bộ Thương mại Hoa Kỳ,Bộ Thương mại,,,5,confirmed,
department of labor,Bộ Lao động Hoa Kỳ,Bộ Lao động,,,5,confirmed,
eagle global logistics,Eagle Global Logistics,,,,5,confirmed,"Tên riêng, không dịch"
equity,vốn chủ sở hữu,vốn cổ phần,Ownership interest in a corporation,Lợi ích sở hữu trong một công ty cổ phần,5,confirmed,
gates,Gates,,,,5,confirmed,"Tên riêng, không dịch"
ibm,IBM,,,,5,confirmed,"Tên riêng, không dịch"
intel,Intel,,,,5,confirmed,"Tên riêng, không dịch"
intrapreneurs,nhà khởi nghiệp nội bộ,doanh nhân nội bộ,Employees who bring entrepreneurial ideas to an established business,Nhân viên mang các ý tưởng khởi nghiệp vào một doanh nghiệp đã đi vào hoạt động,5,confirmed,
kauffman foundation,Kauffman Foundation,,,,5,confirmed,"Tên riêng, không dịch"
naics,NAICS,,,,5,confirmed,"Tên riêng, không dịch"
national federation of independent businesses,Hiệp hội Quốc gia Doanh nghiệp Độc lập,NFIB,,,5,confirmed,Tên riêng tổ chức
north american industry classification system,Hệ thống Phân loại Ngành Bắc Mỹ,NAICS,,,5,confirmed,
office of international trade,Văn phòng Thương mại Quốc tế,,,,5,confirmed,
quality imaging products,Quality Imaging Products,,,,5,confirmed,"Tên riêng, không dịch"
salesforce.com,Salesforce.com,,,,5,confirmed,"Tên riêng, không dịch"
small business,doanh nghiệp nhỏ,,A business that is independently owned and operated and not dominant in its field,Doanh nghiệp được sở hữu và vận hành độc lập và không có vị thế thống trị trong lĩnh vực của mình,5,confirmed,
small business administration,Cục Quản lý Doanh nghiệp nhỏ Hoa Kỳ,SBA,,,5,confirmed,Cơ quan chính phủ Hoa Kỳ
small business administration (sba),Cục Quản lý Doanh nghiệp nhỏ Hoa Kỳ (SBA),,,,5,confirmed,
small business association,Hiệp hội Doanh nghiệp nhỏ Hoa Kỳ,,,,5,confirmed,
small business investment companies (sbics),các công ty đầu tư doanh nghiệp nhỏ (SBIC),,,,5,confirmed,
startupnation,StartupNation,,,,5,confirmed,"Tên riêng, không dịch"
texas instruments,Texas Instruments,,,,5,confirmed,"Tên riêng, không dịch"
u.s. census bureau,Cục Thống kê Dân số Hoa Kỳ,,,,5,confirmed,
venture capital,vốn đầu tư mạo hiểm,,Financing provided by investment firms to high-potential startups,Nguồn tài chính do các công ty đầu tư cung cấp cho các startup có tiềm năng lớn,5,confirmed,
vf corporation,VF Corporation,,,,5,confirmed,"Tên riêng, không dịch"
xerox,Xerox,,,,5,confirmed,"Tên riêng, không dịch"
abercrombie,Abercrombie,,,,chapter-6,approved,Tên riêng
airbus,Airbus,,,,chapter-6,approved,Tên riêng
american eagle,American Eagle,,,,chapter-6,approved,Tên riêng
autocratic leaders,nhà lãnh đạo độc đoán,lãnh đạo chuyên quyền,,,chapter-6,approved,
autodesk,Autodesk,,,,chapter-6,approved,Tên riêng
boeing,Boeing,,,,chapter-6,approved,Tên riêng
clairol,Clairol,,,,chapter-6,approved,Tên riêng
coercive power,quyền lực cưỡng chế,quyền lực ép buộc,,,chapter-6,approved,
conceptual skills,kỹ năng tư duy,kỹ năng nhận thức,,,chapter-6,approved,
consensual leaders,nhà lãnh đạo đồng thuận,lãnh đạo nhất trí,,,chapter-6,approved,
consultative leaders,nhà lãnh đạo tham vấn,lãnh đạo tư vấn,,,chapter-6,approved,
contingency plans,kế hoạch dự phòng,,,,chapter-6,approved,
controlling,kiểm soát,kiểm tra,,,chapter-6,approved,
corporate culture,văn hóa doanh nghiệp,,,,chapter-6,approved,
decisional role,vai trò ra quyết định,,,,chapter-6,approved,
delta,Delta,,,,chapter-6,approved,Tên riêng
democratic leaders,nhà lãnh đạo dân chủ,,,,chapter-6,approved,
ebay,eBay,,,,chapter-6,approved,Tên riêng
effectiveness,hiệu quả,tính hữu hiệu,,,chapter-6,approved,
efficiency,hiệu suất,tính hiệu quả cao,,,chapter-6,approved,
empowerment,trao quyền,,,,chapter-6,approved,
expert power,quyền lực chuyên môn,,,,chapter-6,approved,
free-rein,lãnh đạo tự do,ủy thác hoàn toàn,,,chapter-6,approved,
gap,Gap,,,,chapter-6,approved,Tên riêng
gartner,Gartner,,,,chapter-6,approved,Tên riêng
general electric,General Electric,,,,chapter-6,approved,Tên riêng
gillette,Gillette,,,,chapter-6,approved,Tên riêng
global management skills,kỹ năng quản trị toàn cầu,,,,chapter-6,approved,
google,Google,,,,chapter-6,approved,Tên riêng
gucci,Gucci,,,,chapter-6,approved,Tên riêng
hewlett packard,Hewlett Packard,,,,chapter-6,approved,Tên riêng
human relations skills,kỹ năng quan hệ nhân sự,kỹ năng đối nhân xử thế,kỹ năng tương tác con người,,,6,approved
iams,IAMS,,,,chapter-6,approved,Tên riêng
informational role,vai trò thông tin,,,,chapter-6,approved,
interpersonal roles,các vai trò tương tác cá nhân,vai trò quan hệ con người,,,chapter-6,approved,
j.crew,J.Crew,,,,chapter-6,approved,Tên riêng
laissez-faire,lãnh đạo tự do,lãnh đạo mặc kệ,laissez-faire,,,6,approved
leadership,khả năng lãnh đạo,sự lãnh đạo,,,chapter-6,approved,
leadership style,phong cách lãnh đạo,,,,chapter-6,approved,
legitimate power,quyền lực hợp pháp,quyền lực chính đáng,,,chapter-6,approved,
management,quản trị,quản lý,,,chapter-6,approved,
marriott,Marriott,,,,chapter-6,approved,Tên riêng
mcdonald’s,McDonald’s,,,,chapter-6,approved,Tên riêng
middle management,quản trị viên cấp trung,cấp quản lý trung gian,,,chapter-6,approved,
mission,sứ mệnh,,,,chapter-6,approved,
mission statement,tuyên bố sứ mệnh,,,,chapter-6,approved,
nike,Nike,,,,chapter-6,approved,Tên riêng
nonprogrammed decisions,quyết định không theo chương trình,quyết định phi cấu trúc,,,chapter-6,approved,
norfolk southern,Norfolk Southern,,,,chapter-6,approved,Tên riêng
norfolk southern railroad,Norfolk Southern Railroad,,,,chapter-6,approved,Tên riêng
operational planning,lập kế hoạch vận hành,hoạch định tác nghiệp,,,chapter-6,approved,
oreck,Oreck,,,,chapter-6,approved,Tên riêng
organizing,tổ chức,công tác tổ chức,,,chapter-6,approved,
participative leaders,nhà lãnh đạo tham gia,,,,chapter-6,approved,
planning,lập kế hoạch,hoạch định,,,chapter-6,approved,
power,quyền lực,,,,chapter-6,approved,
prada,Prada,,,,chapter-6,approved,Tên riêng
procter &amp; gamble,Procter &amp; Gamble,,,,chapter-6,approved,Tên riêng
programmed decisions,quyết định theo chương trình,quyết định có cấu trúc,,,chapter-6,approved,
referent power,quyền lực thu hút,quyền lực tham chiếu,uy tín cá nhân,,,6,approved
reward power,quyền lực khen thưởng,,,,chapter-6,approved,
situational leadership,lãnh đạo theo tình huống,,,,chapter-6,approved,
skechers,Skechers,,,,chapter-6,approved,Tên riêng
southwest,Southwest,,,,chapter-6,approved,Tên riêng
strategic planning,lập kế hoạch chiến lược,hoạch định chiến lược,,,chapter-6,approved,
supervisory (first-line) management,quản trị viên cấp cơ sở,cấp giám sát trực tiếp,,,chapter-6,approved,
tactical planning,lập kế hoạch chiến thuật,hoạch định chiến thuật,,,chapter-6,approved,
technical skills,kỹ năng kỹ thuật,kỹ năng chuyên môn nghiệp vụ,,,chapter-6,approved,
top management,quản trị viên cấp cao,ban lãnh đạo tối cao,,,chapter-6,approved,
tripadvisor,TripAdvisor,,,,chapter-6,approved,Tên riêng
twitter,Twitter,,,,chapter-6,approved,Tên riêng
welch,Welch,,,,chapter-6,approved,Tên riêng
wella ag,Wella AG,,,,chapter-6,approved,Tên riêng
whitman,Whitman,,,,chapter-6,approved,Tên riêng
affirmative action programs,chương trình hành động khẳng định,chương trình ưu đãi nhóm yếu thế | chính sách tạo cơ hội bình đẳng,Programs established by organizations to actively recruit and promote members of groups that have historically faced discrimination.,Các chương trình được thiết lập bởi các tổ chức nhằm chủ động tuyển dụng và thăng tiến cho các thành viên thuộc nhóm lịch sử từng bị phân biệt đối xử.,chapter-8,confirmed,
agency shop,nơi làm việc đóng phí nghiệp đoàn,văn phòng đại diện nghiệp đoàn thu phí | xưởng đóng phí công đoàn,A workplace where employees do not have to join the union but must pay a fee equal to union dues to cover collective bargaining costs.,Nơi làm việc mà nhân viên không bắt buộc gia nhập nghiệp đoàn nhưng phải đóng khoản phí tương đương công đoàn phí để chi trả cho các chi phí thương lượng tập thể.,chapter-8,confirmed,
apprenticeship,học việc,chương trình học nghề | vừa học vừa làm,A form of training that combines on-the-job instruction with classroom instruction to prepare individuals for a skilled trade.,Hình thức đào tạo kết hợp hướng dẫn thực hành tại chỗ với học lý thuyết trên lớp để chuẩn bị cho học viên làm một nghề có tay nghề cao.,chapter-8,confirmed,
collective bargaining,thương lượng tập thể,đàm phán tập thể | thương thảo thỏa ước lao động,The process of negotiating labor agreements between union representatives and management.,Quá trình đàm phán thỏa ước lao động tập thể giữa đại diện công đoàn và ban quản lý.,chapter-8,confirmed,
competitive advantage,lợi thế cạnh tranh,ưu thế cạnh tranh,A condition or circumstance that puts a company in a favorable or superior business position.,Điều kiện hoặc hoàn cảnh đưa doanh nghiệp vào vị thế kinh doanh thuận lợi hoặc vượt trội.,chapter-8,confirmed,
conciliation,hòa giải,thương lượng hòa giải | dàn xếp tranh chấp,A method of settling labor disputes where a neutral third party helps the disputing parties reach a voluntary agreement.,Phương pháp giải quyết tranh chấp lao động trong đó bên thứ ba trung lập giúp các bên tranh chấp đạt được thỏa thuận tự nguyện.,chapter-8,confirmed,
contingent worker,lao động thời vụ,lao động hợp đồng ngắn hạn | nhân sự thuê ngoài,A temporary or part-time worker who does not expect a long-term employment relationship with the organization.,"Người lao động làm việc tạm thời hoặc bán thời gian, không mong đợi một mối quan hệ lao động dài hạn với tổ chức.",chapter-8,confirmed,
equal employment opportunity commission,Ủy ban Cơ hội Việc làm Bình đẳng,Ủy ban EEOC,The federal agency responsible for enforcing federal laws that make it illegal to discriminate against a job applicant or an employee.,Cơ quan liên bang chịu trách nhiệm thực thi luật liên bang quy định việc phân biệt đối xử với người xin việc hoặc nhân viên là bất hợp pháp.,chapter-8,confirmed,
federation,liên đoàn,tổng liên đoàn lao động,An association of national unions that coordinates activities and provides services to member unions.,Một hiệp hội gồm các nghiệp đoàn/công đoàn quốc gia nhằm phối hợp các hoạt động và cung cấp dịch vụ cho các nghiệp đoàn thành viên.,chapter-8,confirmed,
grievance,khiếu nại,khiếu nại lao động | tranh chấp cá nhân,A formal complaint by an employee or union that management has violated some part of the collective bargaining agreement.,Khiếu nại chính thức của nhân viên hoặc công đoàn cáo buộc rằng ban quản lý đã vi phạm một số phần của thỏa ước lao động tập thể.,chapter-8,confirmed,
human resource (hr) management,quản trị nguồn nhân lực,quản trị nhân sự | quản lý nguồn nhân lực,"The process of hiring, developing, motivating, and evaluating employees to achieve organizational goals.","Quá trình tuyển dụng, phát triển, tạo động lực và đánh giá nhân viên để đạt được các mục tiêu của tổ chức.",chapter-8,confirmed,
human resource planning,lập kế hoạch nguồn nhân lực,hoạch định nhân sự | quy hoạch nguồn nhân lực,The strategy for meeting an organization's future human resource needs.,Chiến lược nhằm đáp ứng nhu cầu nguồn nhân lực trong tương lai của một tổ chức.,chapter-8,confirmed,
incentive pay,lương thưởng khuyến khích,lương theo hiệu suất | thưởng hiệu quả công việc,"Compensation designed to motivate employees to perform at higher levels, such as bonuses, commissions, or profit sharing.","Khoản thù lao được thiết kế để khuyến khích nhân viên làm việc ở mức hiệu suất cao hơn, chẳng hạn như tiền thưởng, hoa hồng hoặc chia sẻ lợi nhuận.",chapter-8,confirmed,
job analysis,phân tích công việc,đánh giá vị trí công việc,"A study of the tasks, duties, and responsibilities of a job and the skills and knowledge required to perform it.","Nghiên cứu về các nhiệm vụ, bổn phận và trách nhiệm của một công việc cũng như các kỹ năng và kiến thức cần thiết để thực hiện công việc đó.",chapter-8,confirmed,
job description,bản mô tả công việc,mô tả công việc | JD,"A written statement listing the tasks, duties, and responsibilities of a specific job.","Văn bản liệt kê các nhiệm vụ, nghĩa vụ và trách nhiệm của một công việc cụ thể.",chapter-8,confirmed,
job fair,ngày hội việc làm,hội chợ việc làm | ngày hội tuyển dụng,An event where employers gather to meet and recruit potential job candidates.,Sự kiện nơi các nhà tuyển dụng tập trung để gặp gỡ và tuyển dụng các ứng viên tiềm năng.,chapter-8,confirmed,
job rotation,luân chuyển công việc,xoay vòng công việc,The practice of moving employees from one job to another to broaden their experience and prevent burnout.,Thực hành chuyển đổi nhân viên từ công việc này sang công việc khác để mở rộng kinh nghiệm của họ và ngăn ngừa sự nhàm chán.,chapter-8,confirmed,
job specification,bản yêu cầu công việc,tiêu chuẩn tuyển chọn nhân sự | thông số công việc,"A written statement listing the skills, education, and experience required of a person to perform a specific job.","Văn bản liệt kê các kỹ năng, học vấn và kinh nghiệm cần thiết của một người để thực hiện một công việc cụ thể.",chapter-8,confirmed,
labor union,nghiệp đoàn,công đoàn | nghiệp đoàn lao động,"An organization of workers that acts collectively to negotiate wages, hours, and working conditions with employers.","Tổ chức của người lao động hoạt động tập thể để thương lượng tiền lương, giờ làm việc và điều kiện làm việc với người sử dụng lao động.",chapter-8,confirmed,
local union,nghiệp đoàn cơ sở,công đoàn cơ sở | chi nhánh nghiệp đoàn,A local branch of a national union that represents employees in a specific workplace or geographic area.,"Nhánh địa phương của một nghiệp đoàn quốc gia, đại diện cho nhân viên tại một nơi làm việc hoặc khu vực địa lý cụ thể.",chapter-8,confirmed,
management rights clause,điều khoản quyền quản lý,điều khoản đặc quyền quản lý,A clause in a collective bargaining agreement that outlines the decisions management can make without consulting the union.,Điều khoản trong thỏa ước lao động tập thể quy định các quyết định ban quản lý có thể đưa ra mà không cần tham khảo ý kiến của công đoàn.,chapter-8,confirmed,
mentoring,cố vấn kèm cặp,kèm cặp | cố vấn,A developmental partnership in which an experienced person guides and supports a less-experienced person.,"Quan hệ hợp tác phát triển, trong đó một người có kinh nghiệm hướng dẫn và hỗ trợ một người ít kinh nghiệm hơn.",chapter-8,confirmed,
occupational safety and health administration,Cơ quan Quản lý An toàn và Sức khỏe Nghề nghiệp,Cơ quan OSHA | Cục An toàn và Sức khỏe Nghề nghiệp,The federal agency responsible for setting and enforcing workplace safety and health standards.,Cơ quan liên bang chịu trách nhiệm thiết lập và thực thi các tiêu chuẩn an toàn và sức khỏe tại nơi làm việc.,chapter-8,confirmed,
open shop,nơi làm việc tự do gia nhập nghiệp đoàn,xưởng mở | chế độ mở nghiệp đoàn,"A workplace where employees do not have to join the union or pay union dues, even if a union represents the workforce.","Nơi làm việc mà nhân viên không bắt buộc phải gia nhập nghiệp đoàn hoặc đóng công đoàn phí, ngay cả khi nghiệp đoàn đại diện cho lực lượng lao động đó.",chapter-8,confirmed,
orientation,định hướng nhân viên mới,đào tạo định hướng | chương trình hội nhập,"The process of introducing new employees to the organization, their jobs, and their coworkers.","Quá trình giới thiệu nhân viên mới với tổ chức, công việc của họ và các đồng nghiệp.",chapter-8,confirmed,
performance appraisal,đánh giá hiệu suất công việc,đánh giá hiệu quả công việc | đánh giá năng lực nhân viên,The evaluation of an employee's job performance against established standards.,Việc đánh giá hiệu quả thực hiện công việc của nhân viên so với các tiêu chuẩn đã được thiết lập.,chapter-8,confirmed,
programmed instruction,hướng dẫn lập trình sẵn,đào tạo tự định lượng | hướng dẫn theo lập trình,A self-teaching method of instruction that presents information in small steps and tests learning after each step.,Phương pháp tự học trình bày thông tin theo từng bước nhỏ và kiểm tra kết quả học tập ngay sau mỗi bước.,chapter-8,confirmed,
protected class,nhóm đối tượng được bảo vệ,nhóm đối tượng được luật pháp bảo vệ,"Groups of people protected from discrimination under federal and state laws, such as those based on race, sex, age, or religion.","Các nhóm người được bảo vệ khỏi sự phân biệt đối xử theo luật liên bang và tiểu bang, chẳng hạn như phân biệt đối xử dựa trên chủng tộc, giới tính, tuổi tác hoặc tôn giáo.",chapter-8,confirmed,
recruitment,tuyển mộ,tuyển dụng | thu hút nhân sự,The process of finding and attracting qualified applicants for job openings.,Quá trình tìm kiếm và thu hút các ứng viên có đủ năng lực cho các vị trí công việc còn trống.,chapter-8,confirmed,
recruitment branding,xây dựng thương hiệu tuyển dụng,thương hiệu nhà tuyển dụng | Employer Branding,The process of promoting an organization as an employer of choice to attract talent.,Quá trình quảng bá tổ chức như một nhà tuyển dụng được ưu chuộng để thu hút nhân tài.,chapter-8,confirmed,
right-to-work law,luật quyền làm việc,luật cấm ép buộc gia nhập nghiệp đoàn,"State laws that prohibit union security agreements, allowing employees to work without being forced to join or pay dues to a union.","Luật tiểu bang nghiêm cấm các thỏa thuận an ninh nghiệp đoàn, cho phép nhân viên làm việc mà không bị ép buộc gia nhập hoặc đóng phí cho nghiệp đoàn.",chapter-8,confirmed,
selection,tuyển chọn,lựa chọn nhân sự | chọn lọc ứng viên,The process of evaluating applicants and choosing the best candidate for a job.,Quá trình đánh giá các ứng viên và chọn ra ứng cử viên tốt nhất cho công việc.,chapter-8,confirmed,
selection interview,phỏng vấn tuyển chọn,phỏng vấn tuyển dụng,An in-depth discussion between an applicant and an employer to assess suitability for a job.,Cuộc thảo luận sâu giữa ứng viên và người sử dụng lao động để đánh giá mức độ phù hợp với công việc.,chapter-8,confirmed,
selective strike strategy,chiến lược đình công chọn lọc,đình công cục bộ,A union strategy of striking only selected plants or operations of an employer to minimize cost to the union while disrupting operations.,Chiến lược nghiệp đoàn chỉ tổ chức đình công tại các nhà máy hoặc bộ phận vận hành được lựa chọn của chủ doanh nghiệp nhằm giảm thiểu chi phí cho nghiệp đoàn trong khi vẫn gây gián đoạn hoạt động.,chapter-8,confirmed,
shop steward,đại diện nghiệp đoàn tại xưởng,đại diện công đoàn cơ sở | trưởng ban công đoàn phân xưởng,A union member elected by peers to represent them and resolve grievances at the workplace level.,Thành viên nghiệp đoàn được các đồng nghiệp bầu ra để đại diện cho họ và giải quyết các khiếu nại tại nơi làm việc.,chapter-8,confirmed,
simulation,mô phỏng,đào tạo mô phỏng | thực hành giả lập,A training method that places employees in situations similar to their real job environments to practice skills.,Phương pháp đào tạo đặt nhân viên vào các tình huống tương tự môi trường làm việc thực tế của họ để thực hành kỹ năng.,chapter-8,confirmed,
succession planning,lập kế hoạch kế nhiệm,quy hoạch đội ngũ kế cận,The process of identifying and developing future leaders to fill key roles in the organization.,Quá trình xác định và phát triển các nhà lãnh đạo tương lai để đảm nhận các vai trò chủ chốt trong tổ chức.,chapter-8,confirmed,
training and development,đào tạo và phát triển,L&D | huấn luyện và phát triển,"Programs designed to improve employee skills, knowledge, and abilities to enhance current and future job performance.","Các chương trình được thiết kế nhằm cải thiện kỹ năng, kiến thức và khả năng của nhân viên nhằm nâng cao hiệu quả làm việc hiện tại và tương lai.",chapter-8,confirmed,
unemployment compensation,trợ cấp thất nghiệp,bảo hiểm thất nghiệp | tiền trợ cấp thất nghiệp,Government-sponsored financial support paid to workers who have lost their jobs through no fault of their own.,Khoản hỗ trợ tài chính do chính phủ tài trợ trả cho những người lao động bị mất việc làm mà không phải do lỗi của họ.,chapter-8,confirmed,
union shop,nơi làm việc bắt buộc gia nhập nghiệp đoàn,xưởng nghiệp đoàn | chế độ nghiệp đoàn bắt buộc,A workplace where employees must join the union within a specified period (usually 30 to 90 days) after being hired.,Nơi làm việc quy định nhân viên phải gia nhập nghiệp đoàn trong một khoảng thời gian nhất định (thường là 30 đến 90 ngày) sau khi được tuyển dụng.,chapter-8,confirmed,
worker’s compensation,bồi thường tai nạn lao động,trợ cấp tai nạn lao động | bảo hiểm tai nạn lao động,State-mandated insurance programs that provide benefits to workers injured on the job.,Các chương trình bảo hiểm theo quy định của tiểu bang nhằm cung cấp quyền lợi cho người lao động bị thương khi làm việc.,chapter-8,confirmed,
allegheny ludlum,Allegheny Ludlum,,,,11,approved,"Tên riêng, không dịch"
amazon music,Amazon Music,,,,11,approved,"Tên riêng, không dịch"
american airlines,American Airlines,,,,11,approved,"Tên riêng, không dịch"
american express,American Express,,,,11,approved,"Tên riêng, không dịch"
american heart association,American Heart Association,,,,11,approved,"Tên riêng, không dịch"
american red cross,American Red Cross,,,,11,approved,"Tên riêng, không dịch"
apple,Apple,,,,11,approved,"Tên riêng, không dịch"
arbitron,Arbitron,,,,11,approved,"Tên riêng, không dịch"
avon,Avon,,,,11,approved,"Tên riêng, không dịch"
bell labs,Bell Labs,,,,11,approved,"Tên riêng, không dịch"
benefit segmentation,phân khúc theo lợi ích,phân đoạn thị trường theo lợi ích,The differentiation of markets based on what a product will do rather than on customer characteristics.,Việc phân chia thị trường dựa trên những gì sản phẩm mang lại hơn là dựa trên các đặc điểm của khách hàng.,11,approved,
big data,dữ liệu lớn,Big Data,Large data sets and systems and solutions developed to manage large accumulations of data.,Các bộ dữ liệu lớn cùng với các hệ thống và giải pháp được phát triển để quản lý lượng tích lũy dữ liệu khổng lồ.,11,approved,
black &amp; decker,Black &amp; Decker,,,,11,approved,"Tên riêng, không dịch"
bmw,BMW,,,,11,approved,"Tên riêng, không dịch"
brainstorming,động não,thảo luận ý tưởng ; động não kịch liệt,A method of generating ideas in which group members suggest as many possibilities as they can without criticizing or evaluating any of the suggestions.,Phương pháp tạo ý tưởng trong đó các thành viên nhóm đề xuất nhiều khả năng nhất có thể mà không phê bình hay đánh giá bất kỳ đề xuất nào.,11,approved,
bundling,bán gói,đóng gói sản phẩm ; bán kèm,The strategy of grouping two or more related products together and pricing them as a single product.,Chiến lược gộp hai hoặc nhiều sản phẩm liên quan lại với nhau và định giá chúng như một sản phẩm duy nhất.,11,approved,
buyer behavior,hành vi người mua,hành vi mua hàng,The actions people take in buying and using goods and services.,Các hành động của con người khi mua và sử dụng hàng hóa cũng như dịch vụ.,11,approved,
california pizza kitchen,California Pizza Kitchen,,,,11,approved,"Tên riêng, không dịch"
campbell soup,Campbell Soup,,,,11,approved,"Tên riêng, không dịch"
capital products,sản phẩm tư bản,hàng hóa tư bản ; tư liệu sản xuất,"Large, expensive items with a long life span that are purchased by businesses for use in making other products or providing a service.","Các mặt hàng lớn, đắt tiền, có tuổi thọ cao được doanh nghiệp mua để sử dụng trong việc sản xuất sản phẩm khác hoặc cung cấp dịch vụ.",11,approved,
carnival cruise lines,Carnival Cruise Lines,,,,11,approved,"Tên riêng, không dịch"
caterpillar,Caterpillar,,,,11,approved,"Tên riêng, không dịch"
citicorp,Citicorp,,,,11,approved,"Tên riêng, không dịch"
clinique,Clinique,,,,11,approved,"Tên riêng, không dịch"
coke,Coke,,,,11,approved,"Tên riêng, không dịch"
convenience products,sản phẩm tiện lợi,hàng hóa tiện lợi,Relatively inexpensive items that require little shopping effort and are purchased routinely without planning.,"Các mặt hàng tương đối rẻ, đòi hỏi ít nỗ lực mua sắm và được mua thường xuyên mà không cần lập kế hoạch.",11,approved,
cost competitive advantage,lợi thế cạnh tranh về chi phí,ưu thế cạnh tranh về chi phí,A firm’s ability to produce a product or service at a lower cost than all other competitors in an industry while maintaining satisfactory profit margins.,Khả năng của một doanh nghiệp trong việc sản xuất sản phẩm hoặc dịch vụ với chi phí thấp hơn tất cả các đối thủ cạnh tranh khác trong ngành mà vẫn duy trì được biên lợi nhuận thỏa đáng.,11,approved,
costco,Costco,,,,11,approved,"Tên riêng, không dịch"
coty,Coty,,,,11,approved,"Tên riêng, không dịch"
cover girl,Cover Girl,,,,11,approved,"Tên riêng, không dịch"
crest,Crest,,,,11,approved,"Tên riêng, không dịch"
culture,văn hóa,,"The set of values, ideas, attitudes, and other symbols created to shape human behavior.","Tập hợp các giá trị, ý tưởng, thái độ và các biểu tượng khác được tạo ra để định hình hành vi của con người.",11,approved,
customer satisfaction,sự hài lòng của khách hàng,sự thỏa mãn của khách hàng,The customer’s feeling that a product has met or exceeded expectations.,Cảm nhận của khách hàng rằng một sản phẩm đã đáp ứng hoặc vượt quá sự mong đợi.,11,approved,
customer value,giá trị khách hàng,giá trị dành cho khách hàng,"The ratio of benefits to the sacrifice necessary to obtain those benefits, as determined by the customer; reflects the willingness of customers to actually buy a product.","Tỷ lệ giữa lợi ích nhận được và sự đánh đổi cần thiết để có được những lợi ích đó, do khách hàng xác định; phản ánh sự sẵn lòng mua sản phẩm của khách hàng trên thực tế.",11,approved,
demographic segmentation,phân khúc theo nhân khẩu học,phân đoạn thị trường theo nhân khẩu học,"The differentiation of markets through the use of categories such as age, education, gender, income, and household size.","Việc phân chia thị trường thông qua việc sử dụng các danh mục như độ tuổi, trình độ học vấn, giới tính, thu nhập và quy mô hộ gia đình.",11,approved,
differential competitive advantage,lợi thế cạnh tranh khác biệt,ưu thế cạnh tranh khác biệt,A firm’s ability to provide a unique product or service with a set of features that the target market perceives as important and better than the competitor’s.,Khả năng của một doanh nghiệp trong việc cung cấp một sản phẩm hoặc dịch vụ độc đáo với tập hợp các tính năng mà thị trường mục tiêu nhận thức là quan trọng và tốt hơn so với đối thủ cạnh tranh.,11,approved,
disney,Disney,,,,11,approved,"Tên riêng, không dịch"
dow,Dow,,,,11,approved,"Tên riêng, không dịch"
dynamic pricing,định giá động,định giá linh hoạt,Computer algorithms that allow for prices to change based on demand.,Các thuật toán máy tính cho phép thay đổi giá dựa trên nhu cầu.,11,approved,
enterprise rent-a-car,Enterprise Rent-A-Car,,,,11,approved,"Tên riêng, không dịch"
environmental scanning,tầm soát môi trường,quét môi trường ; phân tích môi trường,The process in which a firm continually collects and evaluates information about its external environment.,Quá trình doanh nghiệp liên tục thu thập và đánh giá thông tin về môi trường bên ngoài của mình.,11,approved,
estée lauder,Estée Lauder,,,,11,approved,"Tên riêng, không dịch"
exchange,trao đổi,giao dịch trao đổi,The process in which two parties give something of value to each other to satisfy their respective needs.,Quá trình hai bên trao cho nhau thứ gì đó có giá trị để thỏa mãn nhu cầu tương ứng của họ.,11,approved,
expense items,chi phí vận hành,hạng mục chi phí ; vật tư tiêu hao,Items (purchased by businesses) that are smaller and less expensive than capital products and usually have a life span of less than one year.,Các mặt hàng (được doanh nghiệp mua) nhỏ hơn và ít tốn kém hơn sản phẩm tư bản và thường có tuổi thọ dưới một năm.,11,approved,
experiment,thực nghiệm,thử nghiệm ; phương pháp thực nghiệm,"A marketing research method in which the investigator changes one or more variables—price, packaging, design, shelf space, advertising theme, or advertising expenditures—while observing the effects of these changes on another variable (usually sales).","Phương pháp nghiên cứu tiếp thị trong đó nhà nghiên cứu thay đổi một hoặc nhiều biến số—như giá cả, bao bì, thiết kế, không gian trưng bày, chủ đề quảng cáo hoặc chi phí quảng cáo—đồng thời quan sát tác động của những thay đổi này lên một biến số khác (thường là doanh số).",11,approved,
facebook,Facebook,,,,11,approved,"Tên riêng, không dịch"
federal express,Federal Express,,,,11,approved,"Tên riêng, không dịch"
five ps,Mô hình 5P,5P tiếp thị ; năm chữ P,"The traditional 4Ps of marketing: product, price, promotion, place (distribution), now with people added as a key marketing component, which together make up the marketing mix.","Mô hình 4P truyền thống của tiếp thị gồm: sản phẩm, giá cả, chiêu thị, phân phối, nay được bổ sung thêm con người như một thành phần tiếp thị cốt lõi, cùng nhau tạo nên hỗn hợp tiếp thị (marketing mix).",11,approved,
focus group,nhóm tập trung,thảo luận nhóm tập trung ; nhóm thảo luận,A group of eight to 12 participants led by a moderator in an in-depth discussion on one particular topic or concept.,Một nhóm từ tám đến 12 người tham gia dưới sự dẫn dắt của một người điều phối để thảo luận chuyên sâu về một chủ đề hoặc khái niệm cụ thể.,11,approved,
ford,Ford,,,,11,approved,"Tên riêng, không dịch"
gallo,Gallo,,,,11,approved,"Tên riêng, không dịch"
general motors,General Motors,,,,11,approved,"Tên riêng, không dịch"
geographic segmentation,phân khúc theo địa lý,phân đoạn thị trường theo địa lý,"The differentiation of markets by region of the country, city or county size, market density, or climate.","Việc phân chia thị trường theo vùng miền của đất nước, quy mô thành phố hoặc quận huyện, mật độ thị trường hoặc khí hậu.",11,approved,
hallmark,Hallmark,,,,11,approved,"Tên riêng, không dịch"
harley-davidson,Harley-Davidson,,,,11,approved,"Tên riêng, không dịch"
hewlett-packard,Hewlett-Packard,,,,11,approved,"Tên riêng, không dịch"
home depot,Home Depot,,,,11,approved,"Tên riêng, không dịch"
honda,Honda,,,,11,approved,"Tên riêng, không dịch"
inglenook,Inglenook,,,,11,approved,"Tên riêng, không dịch"
insignia,Insignia,,,,11,approved,"Tên riêng, không dịch"
kimberly clark,Kimberly Clark,,,,11,approved,"Tên riêng, không dịch"
kraft,Kraft,,,,11,approved,"Tên riêng, không dịch"
leader pricing,định giá dẫn dụ,định giá dẫn khách ; định giá mồi,The strategy of pricing products below the normal markup or even below cost to attract customers to a store where they would not otherwise shop.,Chiến lược đặt giá sản phẩm thấp hơn mức thặng số thông thường hoặc thậm chí dưới giá vốn để thu hút khách hàng đến một cửa hàng mà bình thường họ sẽ không vào mua sắm.,11,approved,
line extension,mở rộng dòng sản phẩm,mở rộng tuyến sản phẩm,"A new flavor, size, or model using an existing brand name in an existing category.","Hương vị, kích thước hoặc kiểu dáng mới sử dụng tên thương hiệu hiện có trong một danh mục sản phẩm hiện có.",11,approved,
loss leader,sản phẩm lỗ dẫn dụ,mặt hàng bán lỗ câu khách ; sản phẩm mồi chịu lỗ,A product priced below cost as part of a leader-pricing strategy.,Một sản phẩm được định giá dưới giá vốn như một phần của chiến lược định giá dẫn dụ.,11,approved,
market segmentation,phân khúc thị trường,phân đoạn thị trường,"The process of separating, identifying, and evaluating the layers of a market in order to identify a target market.","Quá trình phân tách, xác định và đánh giá các tầng lớp của thị trường nhằm xác định thị trường mục tiêu.",11,approved,
marketing,tiếp thị,marketing,The process of discovering the needs and wants of potential buyers and customers and then providing goods and services that meet or exceed their expectations.,"Quá trình khám phá nhu cầu và mong muốn của người mua và khách hàng tiềm năng, sau đó cung cấp hàng hóa và dịch vụ đáp ứng hoặc vượt quá sự mong đợi của họ.",11,approved,
marketing concept,triết lý tiếp thị,khái niệm tiếp thị ; khái niệm marketing,Identifying consumer needs and then producing the goods or services that will satisfy them while making a profit for the organization.,"Việc xác định nhu cầu của người tiêu dùng và sau đó sản xuất hàng hóa hoặc dịch vụ đáp ứng chúng, đồng thời tạo ra lợi nhuận cho tổ chức.",11,approved,
marketing database,cơ sở dữ liệu tiếp thị,cơ sở dữ liệu marketing,Computerized file of customers’ and potential customers’ profiles and purchase patterns.,Tệp máy tính hóa chứa hồ sơ thông tin và thói quen mua sắm của khách hàng hiện tại và khách hàng tiềm năng.,11,approved,
marketing mix,tiếp thị hỗn hợp,marketing mix ; hỗn hợp tiếp thị,"The blend of product offering, pricing, promotional methods, distribution system, and strategies for utilizing people that creates an offering that brings a specific group of consumers superior value.","Sự kết hợp giữa sản phẩm cung cấp, giá cả, phương pháp chiêu thị, hệ thống phân phối và các chiến lược sử dụng con người để tạo ra một gói cung cấp mang lại giá trị vượt trội cho một nhóm người tiêu dùng cụ thể.",11,approved,
marketing research,nghiên cứu tiếp thị,nghiên cứu marketing,"The process of planning, collecting, and analyzing data relevant to a marketing decision.","Quá trình lập kế hoạch, thu thập và phân tích dữ liệu có liên quan đến một quyết định tiếp thị.",11,approved,
mars,Mars,,,,11,approved,"Tên riêng, không dịch"
mckinsey,McKinsey,,,,11,approved,"Tên riêng, không dịch"
microsoft,Microsoft,,,,11,approved,"Tên riêng, không dịch"
minolta,Minolta,,,,11,approved,"Tên riêng, không dịch"
museum of science and industry,Museum of Science and Industry,,,,11,approved,"Tên riêng, không dịch"
music row private bank,Music Row Private Bank,,,,11,approved,"Tên riêng, không dịch"
neiman marcus,Neiman Marcus,,,,11,approved,"Tên riêng, không dịch"
neiman-marcus,Neiman-Marcus,,,,11,approved,"Tên riêng, không dịch"
netflix,Netflix,,,,11,approved,"Tên riêng, không dịch"
niche competitive advantage,lợi thế cạnh tranh thị trường ngách,ưu thế cạnh tranh ngách,"A firm’s ability to target and effectively serve a single segment of the market, often within a limited geographic area.","Khả năng của một doanh nghiệp trong việc nhắm mục tiêu và phục vụ hiệu quả một phân khúc thị trường duy nhất, thường là trong một khu vực địa lý hạn chế.",11,approved,
novartis seeds,Novartis Seeds,,,,11,approved,"Tên riêng, không dịch"
observation research,nghiên cứu quan sát,phương pháp quan sát,"A marketing research method in which the investigator monitors respondents’ actions without interacting directly with the respondents; for example, by using cash registers with scanners.",Phương pháp nghiên cứu tiếp thị trong đó nhà nghiên cứu giám sát các hành động của đối tượng phản hồi mà không tương tác trực tiếp với họ; ví dụ như sử dụng máy tính tiền có đầu quét.,11,approved,
odd-even pricing,định giá lẻ-chẵn,định giá chẵn-lẻ ; định giá tâm lý lẻ-chẵn,The strategy of setting a price at an odd number to connote a bargain and at an even number to suggest quality.,Chiến lược đặt giá ở số lẻ để tạo cảm giác giá rẻ và số chẵn để gợi ý chất lượng cao.,11,approved,
olive garden,Olive Garden,,,,11,approved,"Tên riêng, không dịch"
one-to-one marketing,tiếp thị một-đối-một,tiếp thị cá nhân hóa,Creating a unique marketing mix for every customer.,Việc tạo ra một hỗn hợp tiếp thị độc đáo cho từng khách hàng riêng biệt.,11,approved,
overstock.com,Overstock.com,,,,11,approved,"Tên riêng, không dịch"
panasonic,Panasonic,,,,11,approved,"Tên riêng, không dịch"
pandora,Pandora,,,,11,approved,"Tên riêng, không dịch"
penetration pricing,định giá thâm nhập,định giá thâm nhập thị trường,The strategy of selling new products at low prices in the hope of achieving a large sales volume.,Chiến lược bán sản phẩm mới ở mức giá thấp với hy vọng đạt được khối lượng bán hàng lớn.,11,approved,
pepsi,Pepsi,,,,11,approved,"Tên riêng, không dịch"
personality,cá tính,tính cách ; nhân cách,A way of organizing and grouping how an individual reacts to situations.,Cách thức tổ chức và phân nhóm các phản ứng của một cá nhân đối với các tình huống.,11,approved,
pinterest,Pinterest,,,,11,approved,"Tên riêng, không dịch"
pizza hut,Pizza Hut,,,,11,approved,"Tên riêng, không dịch"
place (distribution) strategy,chiến lược phân phối,chiến lược địa điểm ; chiến lược phân phối (địa điểm),Creating the means by which products flow from the producer to the consumer.,Việc thiết lập các phương thức và phương tiện để sản phẩm lưu thông từ nhà sản xuất đến tay người tiêu dùng.,11,approved,
porsche,Porsche,,,,11,approved,"Tên riêng, không dịch"
prestige pricing,định giá uy tín,định giá cao cấp ; định giá nâng tầm thương hiệu,"The strategy of increasing the price of a product so that consumers will perceive it as being of higher quality, status, or value.","Chiến lược tăng giá sản phẩm để người tiêu dùng cảm nhận sản phẩm có chất lượng, địa vị hoặc giá trị cao hơn.",11,approved,
price skimming,định giá hớt váng,định giá hớt phần ngon ; hớt váng sữa,The strategy of introducing a product with a high initial price and lowering the price over time as the product moves through its life cycle.,Chiến lược giới thiệu sản phẩm với mức giá ban đầu cao rồi giảm dần theo thời gian khi sản phẩm đi qua chu kỳ sống của nó.,11,approved,
pricing strategy,chiến lược định giá,chiến lược giá,Setting a price based upon the demand for and cost of a good or service.,"Việc xác định giá bán dựa trên nhu cầu đối với hàng hóa, dịch vụ và chi phí để tạo ra chúng.",11,approved,
product,sản phẩm,,"In marketing, a good, service or idea, along with its perceived attributes and benefits, that creates value for the customer.","Trong tiếp thị, một hàng hóa, dịch vụ hoặc ý tưởng, cùng với các thuộc tính và lợi ích cảm nhận được của nó, tạo ra giá trị cho khách hàng.",11,approved,
product life cycle,chu kỳ sống của sản phẩm,vòng đời sản phẩm ; chu kỳ sống sản phẩm,"The pattern of sales and profits over time for a product or product category; consists of an introductory stage, growth stage, maturity, and decline (and death).","Mô hình doanh số và lợi nhuận theo thời gian của một sản phẩm hoặc danh mục sản phẩm; bao gồm giai đoạn giới thiệu, tăng trưởng, chín muồi và suy thoái (và biến mất).",11,approved,
product manager,quản lý sản phẩm,giám đốc sản phẩm,The person who develops and implements a complete strategy and marketing program for a specific product or brand.,Người chịu trách nhiệm phát triển và thực hiện toàn bộ chiến lược cũng như chương trình tiếp thị cho một sản phẩm hoặc thương hiệu cụ thể.,11,approved,
product strategy,chiến lược sản phẩm,,"Taking the good or service and selecting a brand name, packaging, colors, a warranty, accessories, and a service program.","Việc lấy hàng hóa hoặc dịch vụ và lựa chọn tên thương hiệu, bao bì, màu sắc, chế độ bảo hành, phụ kiện đi kèm và chương trình dịch vụ kèm theo.",11,approved,
promotion strategy,chiến lược chiêu thị,chiến lược quảng bá ; chiến lược khuyến mại,"The unique combination of personal selling, traditional advertising, publicity, sales promotion, social media, and e-commerce to stimulate the target market to buy a product. Sometimes referred to as the promotion mix.","Sự kết hợp độc đáo giữa bán hàng cá nhân, quảng cáo truyền thống, tuyên truyền, khuyến mại, mạng xã hội và thương mại điện tử nhằm kích thích thị trường mục tiêu mua sản phẩm. Đôi khi được gọi là hỗn hợp chiêu thị.",11,approved,
psychographic segmentation,phân khúc theo tâm lý học,phân khúc theo lối sống và cá tính ; phân đoạn theo tâm lý,The differentiation of markets by personality or lifestyle.,Việc phân chia thị trường theo cá tính hoặc lối sống của khách hàng.,11,approved,
psychological pricing,định giá tâm lý,chiến thuật định giá tâm lý,The strategy of setting a price at an odd number to connote a bargain and at an even number to suggest quality.,Chiến lược đặt giá nhằm tác động vào tâm lý của người tiêu dùng để thúc đẩy hành vi mua hàng (ví dụ: định giá lẻ như 99.000 đồng).,11,approved,
quaker oats,Quaker Oats,,,,11,approved,"Tên riêng, không dịch"
ralph lauren,Ralph Lauren,,,,11,approved,"Tên riêng, không dịch"
redken,Redken,,,,11,approved,"Tên riêng, không dịch"
reference groups,nhóm tham chiếu,nhóm tham khảo,Formal and informal groups that influence buyer behavior.,Các nhóm chính thức và phi chính thức có ảnh hưởng đến hành vi của người mua.,11,approved,
regions bank,Regions Bank,,,,11,approved,"Tên riêng, không dịch"
relationship marketing,tiếp thị mối quan hệ,marketing quan hệ,A strategy that focuses on forging long-term partnerships with customers by offering value and providing customer satisfaction.,Chiến lược tập trung vào việc tạo dựng mối quan hệ đối tác lâu dài với khách hàng bằng cách mang lại giá trị và sự hài lòng cho họ.,11,approved,
republic of tea,Republic of Tea,,,,11,approved,"Tên riêng, không dịch"
revlon,Revlon,,,,11,approved,"Tên riêng, không dịch"
sam’s club,Sam’s Club,,,,11,approved,"Tên riêng, không dịch"
samsung,Samsung,,,,11,approved,"Tên riêng, không dịch"
sharp,Sharp,,,,11,approved,"Tên riêng, không dịch"
shopify,Shopify,,,,11,approved,"Tên riêng, không dịch"
shopping products,sản phẩm mua sắm,hàng hóa mua sắm,"Items that are bought after considerable planning, including brand-to-brand and store-to-store comparisons of price, suitability, and style.","Các mặt hàng được mua sau khi đã lập kế hoạch kỹ lưỡng, bao gồm việc so sánh giữa các thương hiệu và cửa hàng về giá cả, mức độ phù hợp và kiểu dáng.",11,approved,
sony,Sony,,,,11,approved,"Tên riêng, không dịch"
southwest airlines,Southwest Airlines,,,,11,approved,"Tên riêng, không dịch"
specialty products,sản phẩm đặc biệt,hàng hóa đặc thù ; hàng hóa chuyên biệt,Items for which consumers search long and hard and for which they refuse to accept substitutes.,"Các mặt hàng mà người tiêu dùng phải tìm kiếm lâu công và kỹ lưỡng, đồng thời từ chối chấp nhận các sản phẩm thay thế khác.",11,approved,
spotify,Spotify,,,,11,approved,"Tên riêng, không dịch"
stouffer’s,Stouffer’s,,,,11,approved,"Tên riêng, không dịch"
stryker,Stryker,,,,11,approved,"Tên riêng, không dịch"
survey research,nghiên cứu khảo sát,khảo sát ý kiến,"A marketing research method in which data is gathered from respondents, either in person, by telephone, by mail, at a mall, or through the internet to obtain facts, opinions, and attitudes.","Phương pháp nghiên cứu tiếp thị trong đó dữ liệu được thu thập từ những người trả lời thông qua gặp mặt trực tiếp, điện thoại, thư điện tử, tại trung tâm thương mại hoặc qua internet để có được thông tin thực tế, ý kiến và thái độ của họ.",11,approved,
suzuki,Suzuki,,,,11,approved,"Tên riêng, không dịch"
target market,thị trường mục tiêu,thị trường đích,The specific group of consumers toward which a firm could direct its marketing efforts. It is often divided into segments so that marketing strategies can be directed to a more specific target.,Nhóm người tiêu dùng cụ thể mà doanh nghiệp hướng các nỗ lực tiếp thị của mình vào. Nhóm này thường được chia thành các phân khúc nhỏ để chiến lược tiếp thị nhắm đúng đối tượng hơn.,11,approved,
taylor california cellars,Taylor California Cellars,,,,11,approved,"Tên riêng, không dịch"
tesla,Tesla,,,,11,approved,"Tên riêng, không dịch"
test-marketing,thử nghiệm thị trường,tiếp thị thử nghiệm ; bán thử nghiệm,The process of testing a new product among potential users.,Quá trình kiểm tra một sản phẩm mới đối với những người dùng tiềm năng.,11,approved,
toyota,Toyota,,,,11,approved,"Tên riêng, không dịch"
u.s. navy,U.S. Navy,,,,11,approved,"Tên riêng, không dịch"
unsought products,sản phẩm mua ngoài ý muốn,sản phẩm không chủ định mua ; hàng hóa không mong đợi,"Products that either are not planned as a purchase by a potential buyer or are known but the buyer does not actively seek them, such as funeral services.","Các sản phẩm không nằm trong kế hoạch mua của người mua tiềm năng, hoặc đã được biết đến nhưng người mua không chủ động tìm kiếm chúng (ví dụ như dịch vụ tang lễ).",11,approved,
volume segmentation,phân khúc theo sản lượng,phân khúc theo lượng sử dụng,The differentiation of markets based on the amount of the product purchased.,Việc phân chia thị trường dựa trên số lượng hoặc sản lượng sản phẩm được mua.,11,approved,
wendy’s,Wendy’s,,,,11,approved,"Tên riêng, không dịch"
whirlpool,Whirlpool,,,,11,approved,"Tên riêng, không dịch"
williams sonoma,Williams Sonoma,,,,11,approved,"Tên riêng, không dịch"
5ps,5 chữ P,5 chữ P / mô hình 5P,,,12,confirmed,
advertising,quảng cáo,,,,12,confirmed,
advertising media,phương tiện quảng cáo,,,,12,confirmed,
agents,đại lý,,,,12,confirmed,
american cancer society,American Cancer Society,,,,12,confirmed,"Tên riêng, không dịch"
audience selectivity,tính chọn lọc khán giả,tính chọn lọc khán giả / khả năng chọn lọc đối tượng mục tiêu,,,12,confirmed,
bloomberg businessweek,Bloomberg Businessweek,,,,12,confirmed,"Tên riêng, không dịch"
breaking bulk,chia nhỏ lô hàng,chia nhỏ lô hàng / chia nhỏ hàng hóa,,,12,confirmed,
brokers,môi giới,,,,12,confirmed,
cabela’s,Cabela’s,,,,12,confirmed,"Tên riêng, không dịch"
campbell’s soups,Campbell’s soups,,,,12,confirmed,"Tên riêng, không dịch"
cbs,CBS,,,,12,confirmed,"Tên riêng, không dịch"
chamber of commerce,Chamber of Commerce,,,,12,confirmed,"Tên riêng, không dịch"
cheney university,Cheney University,,,,12,confirmed,"Tên riêng, không dịch"
chrysler,Chrysler,,,,12,confirmed,"Tên riêng, không dịch"
coca-cola,Coca-Cola,,,,12,confirmed,"Tên riêng, không dịch"
cost per thousand (cpm),chi phí trên mỗi nghìn lượt hiển thị (CPM),chi phí trên mỗi nghìn lượt hiển thị / CPM / chi phí mỗi ngàn lượt,,,12,confirmed,
dell,Dell,,,,12,confirmed,"Tên riêng, không dịch"
distribution,phân phối,,,,12,confirmed,
distribution channel,kênh phân phối,,,,12,confirmed,
dollar tree,Dollar Tree,,,,12,confirmed,"Tên riêng, không dịch"
domino’s,Domino’s,,,,12,confirmed,"Tên riêng, không dịch"
dropbox,Dropbox,,,,12,confirmed,"Tên riêng, không dịch"
e-commerce,thương mại điện tử,,,,12,confirmed,
ethan allen,Ethan Allen,,,,12,confirmed,"Tên riêng, không dịch"
fidelity investments,Fidelity Investments,,,,12,confirmed,"Tên riêng, không dịch"
forbes,Forbes,,,,12,confirmed,"Tên riêng, không dịch"
frequency,tần suất,,,,12,confirmed,
general mills,General Mills,,,,12,confirmed,"Tên riêng, không dịch"
industrial distributors,nhà phân phối công nghiệp,,,,12,confirmed,
integrated marketing communications (imc),truyền thông marketing tích hợp (IMC),truyền thông marketing tích hợp / IMC,,,12,confirmed,
kimberly-clark,Kimberly-Clark,,,,12,confirmed,"Tên riêng, không dịch"
kraft heinz,Kraft Heinz,,,,12,confirmed,"Tên riêng, không dịch"
macy’s,Macy’s,,,,12,confirmed,"Tên riêng, không dịch"
manufacturers’ representatives,đại diện nhà sản xuất,,,,12,confirmed,
marketing intermediaries,trung gian marketing,,,,12,confirmed,
merchant wholesaler,nhà bán buôn thương mại,nhà bán buôn thương mại / thương nhân bán buôn,,,12,confirmed,
nissan,Nissan,,,,12,confirmed,"Tên riêng, không dịch"
nordstrom,Nordstrom,,,,12,confirmed,"Tên riêng, không dịch"
personal selling,bán hàng cá nhân,,,,12,confirmed,
peugeot,Peugeot,,,,12,confirmed,"Tên riêng, không dịch"
promotion,chiêu thị,chiêu thị / xúc tiến thương mại / xúc tiến,,,12,confirmed,
promotional mix,hỗn hợp chiêu thị,hỗn hợp chiêu thị / hỗn hợp xúc tiến,,,12,confirmed,
prospecting,tìm kiếm khách hàng tiềm năng,tìm kiếm khách hàng tiềm năng / tìm kiếm khách hàng,,,12,confirmed,
public relations,quan hệ công chúng,quan hệ công chúng / PR,,,12,confirmed,
publicity,tuyên truyền,tuyên truyền / quảng bá truyền thông / quảng bá phi thương mại,,,12,confirmed,
qualifying questions,câu hỏi đánh giá,câu hỏi đánh giá / các câu hỏi đánh giá khách hàng tiềm năng,,,12,confirmed,
reach,phạm vi tiếp cận,,,,12,confirmed,
retailers,nhà bán lẻ,,,,12,confirmed,
saks,Saks,,,,12,confirmed,"Tên riêng, không dịch"
sales promotions,khuyến mại,khuyến mại / xúc tiến bán hàng / khuyến mãi,,,12,confirmed,
sales prospects,khách hàng triển vọng,khách hàng triển vọng / khách hàng tiềm năng,,,12,confirmed,
social media,mạng xã hội,mạng xã hội / phương tiện truyền thông xã hội,,,12,confirmed,
sprint,Sprint,,,,12,confirmed,"Tên riêng, không dịch"
starkist,StarKist,,,,12,confirmed,"Tên riêng, không dịch"
target,Target,,,,12,confirmed,"Tên riêng, không dịch"
the wall street journal,The Wall Street Journal,,,,12,confirmed,"Tên riêng, không dịch"
united way,United Way,,,,12,confirmed,"Tên riêng, không dịch"
walmart,Walmart,,,,12,confirmed,"Tên riêng, không dịch"
wholesalers,nhà bán buôn,nhà bán buôn / nhà bán sỉ,,,12,confirmed,
aetna,Aetna,,,,13,confirmed,"Tên riêng, không dịch"
alibaba,Alibaba,,,,13,confirmed,"Tên riêng, không dịch"
application service providers (asp),nhà cung cấp dịch vụ ứng dụng (ASP),nhà cung cấp ASP,A company that provides computer-based services to customers over a network,Công ty cung cấp các dịch vụ ứng dụng chạy trên máy tính cho khách hàng từ xa qua mạng,13,confirmed,
at&amp;t,AT&amp;T,,,,13,confirmed,"Tên riêng, không dịch"
audi,Audi,,,,13,confirmed,"Tên riêng, không dịch"
batch processing,xử lý theo lô,xử lý hàng loạt,Executing a series of non-interactive jobs all at one time,Phương thức xử lý dữ liệu trong đó các tác vụ được thu thập và thực hiện cùng một lúc thành từng nhóm thay vì xử lý ngay lập tức,13,confirmed,
bristol-meyers squibb,Bristol-Meyers Squibb,,,,13,confirmed,"Tên riêng, không dịch"
bristol-myers squibb,Bristol-Myers Squibb,,,,13,confirmed,"Tên riêng, không dịch"
broadcom,Broadcom,,,,13,confirmed,"Tên riêng, không dịch"
chief information officer (cio),Giám đốc thông tin (CIO),Giám đốc công nghệ thông tin,The executive in charge of information technology strategy and systems,Lãnh đạo cấp cao chịu trách nhiệm quản lý chiến lược và hệ thống công nghệ thông tin trong tổ chức,13,confirmed,
cloud computing,điện toán đám mây,dịch vụ đám mây,Delivery of computing services over the internet,Cung cấp các tài nguyên và dịch vụ điện toán thông qua mạng Internet thay vì lưu trữ cục bộ,13,confirmed,
computer network,mạng máy tính,hệ thống mạng,A group of computers and devices connected to share resources and data,Một nhóm máy tính và thiết bị được kết nối với nhau nhằm chia sẻ tài nguyên và dữ liệu,13,confirmed,
computer virus,vi-rút máy tính,virus máy tính,"A malicious software program designed to replicate and spread, often causing damage",Chương trình phần mềm độc hại được thiết kế để tự sao chép và lây lan nhằm gây hại cho hệ thống máy tính,13,confirmed,
daimlerchrysler,DaimlerChrysler,,,,13,confirmed,"Tên riêng, không dịch"
data marts,kho dữ liệu bộ phận,data mart / kho dữ liệu nhỏ,A subset of a data warehouse focused on a specific business unit or department,"Một phân hệ kho dữ liệu nhỏ hơn, tập trung vào nhu cầu sử dụng của một bộ phận hoặc phòng ban cụ thể",13,confirmed,
data mining,khai phá dữ liệu,khai thác dữ liệu,The process of analyzing large datasets to identify patterns and relationships,"Quá trình phân tích các tập dữ liệu lớn để tìm kiếm các xu hướng, quy luật và mối quan hệ ẩn",13,confirmed,
data warehouse,kho dữ liệu,data warehouse,"A large, centralized repository of data consolidated from multiple sources for analysis","Kho dữ liệu tập trung, quy mô lớn thu thập từ nhiều nguồn để phân tích và hỗ trợ ra quyết định",13,confirmed,
database,cơ sở dữ liệu,database,An organized collection of structured data stored electronically,Tập hợp các dữ liệu có cấu trúc được sắp xếp và lưu trữ dưới dạng điện tử để dễ dàng truy cập và quản lý,13,confirmed,
decision support system (dss),hệ thống hỗ trợ ra quyết định (DSS),DSS,An interactive information system that helps managers make decisions by analyzing data,Hệ thống thông tin tương tác giúp các nhà quản lý đưa ra quyết định bằng cách phân tích dữ liệu và các mô hình,13,confirmed,
enron,Enron,,,,13,confirmed,"Tên riêng, không dịch"
enterprise portal,cổng thông tin doanh nghiệp,cổng thông tin tích hợp,"A gateway that provides employees, partners, and customers with single-point access to company information and applications","Cổng giao diện web cung cấp điểm truy cập tập trung duy nhất cho nhân viên, đối tác và khách hàng vào tài nguyên doanh nghiệp",13,confirmed,
executive information system (eis),hệ thống thông tin điều hành (EIS),EIS,An information system designed to provide senior executives with easy access to internal and external information relevant to strategic goals,Hệ thống thông tin hỗ trợ các nhà quản lý cấp cao truy cập nhanh các thông tin chiến lược cả trong lẫn ngoài doanh nghiệp,13,confirmed,
expert system,hệ chuyên gia,hệ thống chuyên gia,A computer program that mimics the decision-making ability of a human expert,Chương trình máy tính mô phỏng khả năng giải quyết vấn đề và ra quyết định của chuyên gia là con người,13,confirmed,
federal computer fraud and abuse act,Federal Computer Fraud and Abuse Act,,,,13,confirmed,"Tên riêng, không dịch"
fedex,FedEx,,,,13,confirmed,"Tên riêng, không dịch"
friedman,Friedman,,,,13,confirmed,"Tên riêng, không dịch"
hewlett-packard enterprise,Hewlett-Packard Enterprise,,,,13,confirmed,"Tên riêng, không dịch"
idc,IDC,,,,13,confirmed,"Tên riêng, không dịch"
information technology (it),công nghệ thông tin (IT),IT,"The use of computers, storage, networking, and other physical devices to manage data","Việc sử dụng phần cứng, phần mềm, mạng và thiết bị phụ trợ để xử lý, lưu trữ và truyền đạt thông tin",13,confirmed,
intranets,mạng nội bộ,mạng intranet,Private networks accessible only to an organization's staff,Mạng lưới kết nối riêng tư chỉ cho phép nhân viên thuộc một tổ chức truy cập,13,confirmed,
knowledge management (km),quản trị tri thức (KM),quản lý tri thức,"The process of creating, sharing, using, and managing the knowledge and information of an organization","Quy trình hệ thống hóa việc tạo lập, lưu giữ, chia sẻ và ứng dụng tài sản trí tuệ trong tổ chức",13,confirmed,
local area network (lan),mạng cục bộ (LAN),mạng LAN,"A computer network that interconnects computers within a limited area such as a home, school, or office","Mạng máy tính kết nối các thiết bị trong phạm vi địa lý nhỏ như văn phòng, nhà ở hoặc trường học",13,confirmed,
ma,Ma,,,,13,confirmed,"Tên riêng, không dịch"
managed service providers (msp),nhà cung cấp dịch vụ được quản lý (MSP),nhà cung cấp dịch vụ quản trị,A company that remotely manages a customer's IT infrastructure and/or end-user systems,Công ty đảm nhận việc quản trị từ xa hạ tầng công nghệ thông tin và hệ thống của khách hàng,13,confirmed,
management information systems,hệ thống thông tin quản lý,MIS,"Systems used to collect, process, store, and disseminate data to support business decision-making","Hệ thống hỗ trợ thu thập, lưu trữ, xử lý và phân phối thông tin phục vụ công tác quản lý và ra quyết định",13,confirmed,
management support systems (mss),hệ thống hỗ trợ quản lý (MSS),MSS,"Information systems designed to support managerial decision-making, including DSS, EIS, and expert systems","Nhóm hệ thống thông tin chuyên hỗ trợ quản lý ra quyết định, bao gồm DSS, EIS và hệ chuyên gia",13,confirmed,
merck,Merck,,,,13,confirmed,"Tên riêng, không dịch"
online,trực tuyến,online,Connected to a computer network or the internet,Trạng thái được kết nối trực tiếp với mạng máy tính hoặc mạng Internet,13,confirmed,
oracle,Oracle,,,,13,confirmed,"Tên riêng, không dịch"
processing,xử lý dữ liệu,xử lý,Manipulation of data by a computer to produce meaningful information,"Các hoạt động tính toán, sắp xếp, biến đổi dữ liệu thô của máy tính để thành thông tin hữu ích",13,confirmed,
real-time,thời gian thực,cập nhật tức thời,Relating to systems that update information at the same rate as they receive data,Xử lý và phản hồi thông tin gần như ngay lập tức cùng tốc độ với dữ liệu được nhận,13,confirmed,
saab,Saab,,,,13,confirmed,"Tên riêng, không dịch"
salesforce,Salesforce,,,,13,confirmed,"Tên riêng, không dịch"
sun microsystems,Sun Microsystems,,,,13,confirmed,"Tên riêng, không dịch"
the world is flat,The World Is Flat,,,,13,confirmed,"Tên riêng, không dịch"
transaction processing system (tps),hệ thống xử lý giao dịch (TPS),TPS,"An information system that collects, stores, modifies, and retrieves the transactions of an organization","Hệ thống thông tin thu thập, ghi nhận, xử lý và lưu trữ thông tin về các giao dịch kinh doanh hàng ngày của tổ chức",13,confirmed,
union pacific,Union Pacific,,,,13,confirmed,"Tên riêng, không dịch"
ups,UPS,,,,13,confirmed,"Tên riêng, không dịch"
verizon,Verizon,,,,13,confirmed,"Tên riêng, không dịch"
veterans administration hospital,Veterans Administration Hospital,,,,13,confirmed,"Tên riêng, không dịch"
virtual private networks,mạng riêng ảo,VPN,"A network that encrypts a connection, allowing secure remote access over the internet","Công nghệ tạo kết nối mạng mã hóa an toàn, cho phép truy cập từ xa an toàn qua Internet",13,confirmed,
volkswagen,Volkswagen,,,,13,confirmed,"Tên riêng, không dịch"
wide area network (wan),mạng diện rộng (WAN),mạng WAN,A telecommunications network that extends over a large geographical area,Mạng viễn thông kết nối các mạng nhỏ hơn trên phạm vi địa lý rộng lớn như một quốc gia hoặc toàn cầu,13,confirmed,
aig,AIG,,,15,confirmed,"Tên riêng, không dịch"
aite group,Aite Group,,,15,confirmed,"Tên riêng, không dịch"
bank charter,giấy phép hoạt động ngân hàng,,,15,confirmed,
bear stearns,Bear Stearns,,,15,confirmed,"Tên riêng, không dịch"
brexit,Brexit,,,15,confirmed,"Tên riêng, không dịch"
citibank,Citibank,,,15,confirmed,"Tên riêng, không dịch"
commercial bank,ngân hàng thương mại,,,15,confirmed,
commercial banks,ngân hàng thương mại,,,15,confirmed,
credit union,nghiệp đoàn tín dụng,,,15,confirmed,
credit unions,nghiệp đoàn tín dụng,,,15,confirmed,
currency,tiền mặt,,,15,confirmed,
demand deposits,tiền gửi không kỳ hạn,,,15,confirmed,
discount rate,lãi suất chiết khấu,,,15,confirmed,
dodd-frank wall street reform and consumer protection act,Đạo luật Cải cách Phố Wall và Bảo vệ Người tiêu dùng Dodd-Frank,,,15,confirmed,
european union,Liên minh Châu Âu,,,15,confirmed,
federal deposit insurance corporation (fdic),Tổng công ty Bảo hiểm Tiền gửi Liên bang (FDIC),,,15,confirmed,
federal open market committee,Ủy ban Thị trường Mở Liên bang (FOMC),,,15,confirmed,
federal reserve,Cục Dự trữ Liên bang (Fed),,,15,confirmed,
federal reserve board,Hội đồng Thống đốc Cục Dự trữ Liên bang,,,15,confirmed,
federal reserve system,Hệ thống Cục Dự trữ Liên bang,,,15,confirmed,
financial intermediation,trung gian tài chính,,,15,confirmed,
international monetary fund,Quỹ Tiền tệ Quốc tế (IMF),,,15,confirmed,
jp morgan,JP Morgan,,,15,confirmed,"Tên riêng, không dịch"
lehman brothers,Lehman Brothers,,,15,confirmed,"Tên riêng, không dịch"
m1,M1,,,15,confirmed,
m2,M2,,,15,confirmed,
money,tiền,,,15,confirmed,
open market operations,nghiệp vụ thị trường mở,,,15,confirmed,
paypal,PayPal,,,15,confirmed,"Tên riêng, không dịch"
pension funds,quỹ hưu trí,,,15,confirmed,
reserve requirement,yêu cầu dự trữ bắt buộc,,,15,confirmed,
selective credit controls,kiểm soát tín dụng chọn lọc,,,15,confirmed,
thrift institution,tổ chức tiết kiệm,,,15,confirmed,
thrift institutions,tổ chức tiết kiệm,,,15,confirmed,
time deposits,tiền gửi có kỳ hạn,,,15,confirmed,
treasury’s bureau of engraving and printing,Cục Khắc và In ấn thuộc Bộ Tài chính Hoa Kỳ,,,15,confirmed,
account payable,khoản phải trả,nợ phải trả người bán,"""""","""""",16,confirmed,""""""
accounts receivable,khoản phải thu,nợ phải thu khách hàng,"""""","""""",16,confirmed,""""""
altria group,"""Altria Group""","""""","""""","""""",16,confirmed,"""Tên riêng"
american stock exchange,"""American Stock Exchange""","""""","""""","""""",16,confirmed,"""Tên riêng"
bank of america merrill lynch,"""Bank of America Merrill Lynch""","""""","""""","""""",16,confirmed,"""Tên riêng"
bloomberg,"""Bloomberg""","""""","""""","""""",16,confirmed,"""Tên riêng"
blue apron,"""Blue Apron""","""""","""""","""""",16,confirmed,"""Tên riêng"
bond ratings,xếp hạng trái phiếu,đánh giá tín nhiệm trái phiếu,"""""","""""",16,confirmed,""""""
bonds,trái phiếu,,"""""","""""",16,confirmed,""""""
broker market,thị trường môi giới,,"""""","""""",16,confirmed,""""""
capital budgeting,lập ngân sách vốn,hoạch định ngân sách vốn,"""""","""""",16,confirmed,""""""
capital expenditures,chi phí vốn,chi đầu tư phát triển,"""""","""""",16,confirmed,""""""
cargill,"""Cargill""","""""","""""","""""",16,confirmed,"""Tên riêng"
cash flows,dòng tiền,,"""""","""""",16,confirmed,""""""
cash management,quản lý tiền mặt,,"""""","""""",16,confirmed,""""""
charles schwab,"""Charles Schwab""","""""","""""","""""",16,confirmed,"""Tên riêng"
chevron,"""Chevron""","""""","""""","""""",16,confirmed,"""Tên riêng"
circuit breakers,bộ ngắt mạch thị trường,cơ chế ngắt tự động,"""""","""""",16,confirmed,""""""
citigroup,"""Citigroup""","""""","""""","""""",16,confirmed,"""Tên riêng"
comcast,"""Comcast""","""""","""""","""""",16,confirmed,"""Tên riêng"
commercial paper,thương phiếu,kỳ phiếu thương mại,"""""","""""",16,confirmed,""""""
common stock,cổ phiếu phổ thông,,"""""","""""",16,confirmed,""""""
corning,"""Corning""","""""","""""","""""",16,confirmed,"""Tên riêng"
dealer markets,thị trường tự doanh,thị trường đại lý,"""""","""""",16,confirmed,""""""
dividends,cổ tức,,"""""","""""",16,confirmed,""""""
e*trade,"""E*Trade""","""""","""""","""""",16,confirmed,"""Tên riêng"
electronic communications networks (ecns),mạng thông tin điện tử (ECN),mạng giao dịch điện tử,"""""","""""",16,confirmed,""""""
exchange-traded fund (etf),quỹ hoán đổi danh mục (ETF),,"""""","""""",16,confirmed,""""""
exxonmobil,"""ExxonMobil""","""""","""""","""""",16,confirmed,"""Tên riêng"
factoring,bao thanh toán,,"""""","""""",16,confirmed,""""""
fidelity,"""Fidelity""","""""","""""","""""",16,confirmed,"""Tên riêng"
financial management,quản lý tài chính,,"""""","""""",16,confirmed,""""""
financial risk,rủi ro tài chính,,"""""","""""",16,confirmed,""""""
futures contracts,hợp đồng tương lai,,"""""","""""",16,confirmed,""""""
goldman sachs,"""Goldman Sachs""","""""","""""","""""",16,confirmed,"""Tên riêng"
insider trading,giao dịch nội gián,,"""""","""""",16,confirmed,""""""
institutional investors,nhà đầu tư tổ chức,,"""""","""""",16,confirmed,""""""
interest,lãi suất,tiền lãi,"""""","""""",16,confirmed,""""""
investment bankers,ngân hàng đầu tư,,"""""","""""",16,confirmed,""""""
jetblue,"""JetBlue""","""""","""""","""""",16,confirmed,"""Tên riêng"
line of credit,hạn mức tín dụng,,"""""","""""",16,confirmed,""""""
marketable securities,chứng khoán thanh khoản,chứng khoán dễ bán,"""""","""""",16,confirmed,""""""
morgan stanley,"""Morgan Stanley""","""""","""""","""""",16,confirmed,"""Tên riêng"
mortgage loan,khoản vay thế chấp,,"""""","""""",16,confirmed,""""""
municipal bonds,trái phiếu đô thị,trái phiếu chính quyền địa phương,"""""","""""",16,confirmed,""""""
mutual fund,quỹ tương hỗ,quỹ đầu tư chung,"""""","""""",16,confirmed,""""""
national association of securities dealers automated quotation system,Hệ thống báo giá tự động của Hiệp hội quốc gia các đại lý chứng khoán (NASDAQ),NASDAQ,"""""","""""",16,confirmed,""""""
options,quyền chọn,,"""""","""""",16,confirmed,""""""
over-the-counter (otc) markets,thị trường phi tập trung (OTC),,"""""","""""",16,confirmed,""""""
preferred stock,cổ phiếu ưu đãi,,"""""","""""",16,confirmed,""""""
primary market,thị trường sơ cấp,thị trường cấp một,"""""","""""",16,confirmed,""""""
principal,nợ gốc,vốn gốc,"""""","""""",16,confirmed,""""""
publix super markets,"""Publix Super Markets""","""""","""""","""""",16,confirmed,"""Tên riêng"
qualcomm,"""Qualcomm""","""""","""""","""""",16,confirmed,"""Tên riêng"
retained earnings,lợi nhuận giữ lại,,"""""","""""",16,confirmed,""""""
return,lợi nhuận,tỷ suất sinh lời,"""""","""""",16,confirmed,""""""
revolving credit agreement,thỏa thuận tín dụng tuần hoàn,,"""""","""""",16,confirmed,""""""
risk-return trade-off,sự đánh đổi giữa rủi ro và lợi nhuận,,"""""","""""",16,confirmed,""""""
sc johnson,"""SC Johnson""","""""","""""","""""",16,confirmed,"""Tên riêng"
secondary market,thị trường thứ cấp,thị trường cấp hai,"""""","""""",16,confirmed,""""""
secured loans,khoản vay có bảo đảm,khoản vay bảo đảm bằng tài sản,"""""","""""",16,confirmed,""""""
securities,chứng khoán,,"""""","""""",16,confirmed,""""""
starbucks,"""Starbucks""","""""","""""","""""",16,confirmed,"""Tên riêng"
stock dividends,cổ tức bằng cổ phiếu,,"""""","""""",16,confirmed,""""""
stockbroker,nhà môi giới chứng khoán,,"""""","""""",16,confirmed,""""""
td ameritrade,"""TD Ameritrade""","""""","""""","""""",16,confirmed,"""Tên riêng"
term loan,khoản vay có thời hạn,vay trung và dài hạn,"""""","""""",16,confirmed,""""""
trade credit,tín dụng thương mại,,"""""","""""",16,confirmed,""""""
underwriting,bảo lãnh phát hành,,"""""","""""",16,confirmed,""""""
unsecured loans,khoản vay không có bảo đảm,khoản vay tín chấp,"""""","""""",16,confirmed,""""""
u.s. department of labor,Bộ Lao động Hoa Kỳ,,,"",17,confirmed,"Tên riêng"
